,id,season,city,date,team1,team2,toss_winner,toss_decision,result,dl_applied,winner,win_by_runs,win_by_wickets,player_of_match,venue,umpire1,umpire2,umpire3,team1_win,team1_toss_win,team1_bat
0,1,2017,Hyderabad,05-04-2017,13,12,12,field,normal,0,13,35,0,Yuvraj Singh,28,AY Dandekar,NJ Llong,,1.0,0.0,0
1,2,2017,Pune,06-04-2017,8,11,11,field,normal,0,11,0,7,SPD Smith,21,A Nand Kishore,S Ravi,,0.0,0.0,0
2,3,2017,Rajkot,07-04-2017,4,7,7,field,normal,0,7,0,10,CA Lynn,31,Nitin Menon,CK Nandan,,0.0,0.0,0
3,4,2017,Indore,08-04-2017,11,5,5,field,normal,0,5,0,6,GJ Maxwell,13,AK Chaudhary,C Shamshuddin,,0.0,0.0,0
4,5,2017,Bangalore,08-04-2017,12,3,12,bat,normal,0,12,15,0,KM Jadhav,17,,,,1.0,1.0,1
5,6,2017,Hyderabad,09-04-2017,4,13,13,field,normal,0,13,0,9,Rashid Khan,28,A Deshmukh,NJ Llong,,0.0,0.0,0
6,7,2017,Mumbai,09-04-2017,7,8,8,field,normal,0,8,0,4,N Rana,40,Nitin Menon,CK Nandan,,0.0,0.0,0
7,8,2017,Indore,10-04-2017,12,5,12,bat,normal,0,5,0,8,AR Patel,13,AK Chaudhary,C Shamshuddin,,0.0,1.0,1
8,9,2017,Pune,11-04-2017,3,11,11,field,normal,0,3,97,0,SV Samson,21,AY Dandekar,S Ravi,,1.0,0.0,0
9,10,2017,Mumbai,12-04-2017,13,8,8,field,normal,0,8,0,4,JJ Bumrah,40,Nitin Menon,CK Nandan,,0.0,0.0,0
10,11,2017,Kolkata,13-04-2017,5,7,7,field,normal,0,7,0,8,SP Narine,8,A Deshmukh,NJ Llong,,0.0,0.0,0
11,12,2017,Bangalore,14-04-2017,12,8,8,field,normal,0,8,0,4,KA Pollard,17,KN Ananthapadmanabhan,AK Chaudhary,,0.0,0.0,0
12,13,2017,Rajkot,14-04-2017,11,4,4,field,normal,0,4,0,7,AJ Tye,31,A Nand Kishore,S Ravi,,0.0,0.0,0
13,14,2017,Kolkata,15-04-2017,7,13,13,field,normal,0,7,17,0,RV Uthappa,8,AY Dandekar,NJ Llong,,1.0,0.0,0
14,15,2017,Delhi,15-04-2017,3,5,3,bat,normal,0,3,51,0,CJ Anderson,9,YC Barde,Nitin Menon,,1.0,1.0,1
15,16,2017,Mumbai,16-04-2017,4,8,8,field,normal,0,8,0,6,N Rana,40,A Nand Kishore,S Ravi,,0.0,0.0,0
16,17,2017,Bangalore,16-04-2017,11,12,12,field,normal,0,11,27,0,BA Stokes,17,KN Ananthapadmanabhan,C Shamshuddin,,1.0,0.0,0
17,18,2017,Delhi,17-04-2017,3,7,3,bat,normal,0,7,0,4,NM Coulter-Nile,9,Nitin Menon,CK Nandan,,0.0,1.0,1
18,19,2017,Hyderabad,17-04-2017,13,5,5,field,normal,0,13,5,0,B Kumar,28,AY Dandekar,A Deshmukh,,1.0,0.0,0
19,20,2017,Rajkot,18-04-2017,12,4,4,field,normal,0,12,21,0,CH Gayle,31,S Ravi,VK Sharma,,1.0,0.0,0
20,21,2017,Hyderabad,19-04-2017,13,3,13,bat,normal,0,13,15,0,KS Williamson,28,CB Gaffaney,NJ Llong,,1.0,1.0,1
21,22,2017,Indore,20-04-2017,5,8,8,field,normal,0,8,0,8,JC Buttler,13,M Erasmus,C Shamshuddin,,0.0,0.0,0
22,23,2017,Kolkata,21-04-2017,7,4,4,field,normal,0,4,0,4,SK Raina,8,CB Gaffaney,Nitin Menon,,0.0,0.0,0
23,24,2017,Mumbai,22-04-2017,8,3,3,field,normal,0,8,14,0,MJ McClenaghan,40,A Nand Kishore,S Ravi,,1.0,0.0,0
24,25,2017,Pune,22-04-2017,13,11,11,field,normal,0,11,0,6,MS Dhoni,21,AY Dandekar,A Deshmukh,,0.0,0.0,0
25,26,2017,Rajkot,23-04-2017,5,4,4,field,normal,0,5,26,0,HM Amla,31,AK Chaudhary,M Erasmus,,1.0,0.0,0
26,27,2017,Kolkata,23-04-2017,7,12,12,field,normal,0,7,82,0,NM Coulter-Nile,8,CB Gaffaney,CK Nandan,,1.0,0.0,0
27,28,2017,Mumbai,24-04-2017,11,8,8,field,normal,0,11,3,0,BA Stokes,40,A Nand Kishore,S Ravi,,1.0,0.0,0
28,29,2017,Pune,26-04-2017,11,7,7,field,normal,0,7,0,7,RV Uthappa,21,AY Dandekar,NJ Llong,,0.0,0.0,0
29,30,2017,Bangalore,27-04-2017,12,4,4,field,normal,0,4,0,7,AJ Tye,17,AK Chaudhary,C Shamshuddin,,0.0,0.0,0
30,31,2017,Kolkata,28-04-2017,3,7,7,field,normal,0,7,0,7,G Gambhir,8,NJ Llong,S Ravi,,0.0,0.0,0
31,32,2017,Chandigarh,28-04-2017,13,5,5,field,normal,0,13,26,0,Rashid Khan,26,Nitin Menon,CK Nandan,,1.0,0.0,0
32,33,2017,Pune,29-04-2017,11,12,12,field,normal,0,11,61,0,LH Ferguson,21,KN Ananthapadmanabhan,M Erasmus,,1.0,0.0,0
33,34,2017,Rajkot,29-04-2017,4,8,4,bat,tie,0,8,0,0,KH Pandya,31,AK Chaudhary,CB Gaffaney,,0.0,1.0,1
34,35,2017,Chandigarh,30-04-2017,3,5,5,field,normal,0,5,0,10,Sandeep Sharma,26,YC Barde,CK Nandan,,0.0,0.0,0
35,36,2017,Hyderabad,30-04-2017,13,7,7,field,normal,0,13,48,0,DA Warner,28,AY Dandekar,S Ravi,,1.0,0.0,0
36,37,2017,Mumbai,01-05-2017,12,8,12,bat,normal,0,8,0,5,RG Sharma,40,AK Chaudhary,CB Gaffaney,,0.0,1.0,1
37,38,2017,Pune,01-05-2017,4,11,11,field,normal,0,11,0,5,BA Stokes,21,M Erasmus,C Shamshuddin,,0.0,0.0,0
38,39,2017,Delhi,02-05-2017,13,3,3,field,normal,0,3,0,6,Mohammed Shami,9,YC Barde,Nitin Menon,,0.0,0.0,0
39,40,2017,Kolkata,03-05-2017,7,11,11,field,normal,0,11,0,4,RA Tripathi,8,KN Ananthapadmanabhan,A Nand Kishore,,0.0,0.0,0
40,41,2017,Delhi,04-05-2017,4,3,3,field,normal,0,3,0,7,RR Pant,9,M Erasmus,Nitin Menon,,0.0,0.0,0
41,42,2017,Bangalore,05-05-2017,5,12,12,field,normal,0,5,19,0,Sandeep Sharma,17,CB Gaffaney,C Shamshuddin,,1.0,0.0,0
42,43,2017,Hyderabad,06-05-2017,11,13,13,field,normal,0,11,12,0,JD Unadkat,28,KN Ananthapadmanabhan,AK Chaudhary,,1.0,0.0,0
43,44,2017,Delhi,06-05-2017,8,3,3,field,normal,0,8,146,0,LMP Simmons,9,Nitin Menon,CK Nandan,,1.0,0.0,0
44,45,2017,Bangalore,07-05-2017,12,7,7,field,normal,0,7,0,6,SP Narine,17,AY Dandekar,C Shamshuddin,,0.0,0.0,0
45,46,2017,Chandigarh,07-05-2017,5,4,4,field,normal,0,4,0,6,DR Smith,26,A Nand Kishore,VK Sharma,,0.0,0.0,0
46,47,2017,Hyderabad,08-05-2017,8,13,8,bat,normal,0,13,0,7,S Dhawan,28,KN Ananthapadmanabhan,M Erasmus,,0.0,1.0,1
47,48,2017,Chandigarh,09-05-2017,5,7,7,field,normal,0,5,14,0,MM Sharma,26,A Nand Kishore,S Ravi,,1.0,0.0,0
48,49,2017,Kanpur,10-05-2017,4,3,3,field,normal,0,3,0,2,SS Iyer,11,YC Barde,AK Chaudhary,,0.0,0.0,0
49,50,2017,Mumbai,11-05-2017,5,8,8,field,normal,0,5,7,0,WP Saha,40,A Deshmukh,A Nand Kishore,,1.0,0.0,0
50,51,2017,Delhi,12-05-2017,3,11,3,bat,normal,0,3,7,0,KK Nair,9,KN Ananthapadmanabhan,CK Nandan,,1.0,1.0,1
51,52,2017,Kanpur,13-05-2017,4,13,13,field,normal,0,13,0,8,Mohammed Siraj,11,AK Chaudhary,Nitin Menon,,0.0,0.0,0
52,53,2017,Kolkata,13-05-2017,8,7,7,field,normal,0,8,9,0,AT Rayudu,8,A Nand Kishore,S Ravi,,1.0,0.0,0
53,54,2017,Pune,14-05-2017,5,11,11,field,normal,0,11,0,9,JD Unadkat,21,AY Dandekar,A Deshmukh,,0.0,0.0,0
54,55,2017,Delhi,14-05-2017,12,3,12,bat,normal,0,12,10,0,HV Patel,9,CK Nandan,C Shamshuddin,,1.0,1.0,1
55,56,2017,Mumbai,16-05-2017,11,8,8,field,normal,0,11,20,0,Washington Sundar,40,S Ravi,C Shamshuddin,,1.0,0.0,0
56,57,2017,Bangalore,17-05-2017,13,7,7,field,normal,1,7,0,7,NM Coulter-Nile,17,AK Chaudhary,Nitin Menon,,0.0,0.0,0
57,58,2017,Bangalore,19-05-2017,7,8,8,field,normal,0,8,0,6,KV Sharma,17,NJ Llong,Nitin Menon,,0.0,0.0,0
58,59,2017,Hyderabad,21-05-2017,8,11,8,bat,normal,0,8,1,0,KH Pandya,28,NJ Llong,S Ravi,,1.0,1.0,1
59,60,2008,Bangalore,18-04-2008,7,12,12,field,normal,0,7,140,0,BB McCullum,17,Asad Rauf,RE Koertzen,,1.0,0.0,0
60,61,2008,Chandigarh,19-04-2008,0,5,0,bat,normal,0,0,33,0,MEK Hussey,27,MR Benson,SL Shastri,,1.0,1.0,1
61,62,2008,Delhi,19-04-2008,10,3,10,bat,normal,0,3,0,9,MF Maharoof,9,Aleem Dar,GA Pratapkumar,,0.0,1.0,1
62,63,2008,Mumbai,20-04-2008,8,12,8,bat,normal,0,12,0,5,MV Boucher,40,SJ Davis,DJ Harper,,0.0,1.0,1
63,64,2008,Kolkata,20-04-2008,1,7,1,bat,normal,0,7,0,5,DJ Hussey,8,BF Bowden,K Hariharan,,0.0,1.0,1
64,65,2008,Jaipur,21-04-2008,5,10,5,bat,normal,0,10,0,6,SR Watson,32,Aleem Dar,RB Tiffin,,0.0,1.0,1
65,66,2008,Hyderabad,22-04-2008,1,3,1,bat,normal,0,3,0,9,V Sehwag,28,IL Howell,AM Saheba,,0.0,1.0,1
66,67,2008,Chennai,23-04-2008,0,8,8,field,normal,0,0,6,0,ML Hayden,20,DJ Harper,GA Pratapkumar,,1.0,0.0,0
67,68,2008,Hyderabad,24-04-2008,1,10,10,field,normal,0,10,0,3,YK Pathan,28,Asad Rauf,MR Benson,,0.0,0.0,0
68,69,2008,Chandigarh,25-04-2008,5,8,8,field,normal,0,5,66,0,KC Sangakkara,27,Aleem Dar,AM Saheba,,1.0,0.0,0
69,70,2008,Bangalore,26-04-2008,12,10,10,field,normal,0,10,0,7,SR Watson,17,MR Benson,IL Howell,,0.0,0.0,0
70,71,2008,Chennai,26-04-2008,7,0,7,bat,normal,0,0,0,9,JDP Oram,20,BF Bowden,AV Jayaprakash,,0.0,1.0,1
71,72,2008,Mumbai,27-04-2008,8,1,1,field,normal,0,1,0,10,AC Gilchrist,5,Asad Rauf,SL Shastri,,0.0,0.0,0
72,73,2008,Chandigarh,27-04-2008,3,5,3,bat,normal,0,5,0,4,SM Katich,27,RE Koertzen,I Shivram,,0.0,1.0,1
73,74,2008,Bangalore,28-04-2008,0,12,0,bat,normal,0,0,13,0,MS Dhoni,17,BR Doctrove,RB Tiffin,,1.0,1.0,1
74,75,2008,Kolkata,29-04-2008,7,8,7,bat,normal,0,8,0,7,ST Jayasuriya,8,BF Bowden,AV Jayaprakash,,0.0,1.0,1
75,76,2008,Delhi,30-04-2008,3,12,12,field,normal,0,3,10,0,GD McGrath,9,Aleem Dar,I Shivram,,1.0,0.0,0
76,77,2008,Hyderabad,01-05-2008,1,5,5,field,normal,0,5,0,7,SE Marsh,28,BR Doctrove,RB Tiffin,,0.0,0.0,0
77,78,2008,Jaipur,01-05-2008,10,7,10,bat,normal,0,10,45,0,SA Asnodkar,32,RE Koertzen,GA Pratapkumar,,1.0,1.0,1
78,79,2008,Chennai,02-05-2008,0,3,0,bat,normal,0,3,0,8,V Sehwag,20,BF Bowden,K Hariharan,,0.0,1.0,1
79,80,2008,Hyderabad,25-05-2008,1,12,1,bat,normal,0,12,0,5,R Vinay Kumar,28,Asad Rauf,RE Koertzen,,0.0,1.0,1
80,81,2008,Chandigarh,03-05-2008,5,7,5,bat,normal,0,5,9,0,IK Pathan,27,DJ Harper,I Shivram,,1.0,1.0,1
81,82,2008,Mumbai,04-05-2008,8,3,3,field,normal,0,8,29,0,SM Pollock,5,IL Howell,RE Koertzen,,1.0,0.0,0
82,83,2008,Jaipur,04-05-2008,0,10,0,bat,normal,0,10,0,8,Sohail Tanvir,32,Asad Rauf,AV Jayaprakash,,0.0,1.0,1
83,84,2008,Bangalore,05-05-2008,12,5,5,field,normal,0,5,0,6,S Sreesanth,17,SJ Davis,BR Doctrove,,0.0,0.0,0
84,85,2008,Chennai,06-05-2008,0,1,1,field,normal,0,1,0,7,AC Gilchrist,20,MR Benson,RB Tiffin,,0.0,0.0,0
85,86,2008,Mumbai,07-05-2008,10,8,8,field,normal,0,8,0,7,A Nehra,5,DJ Harper,RE Koertzen,,0.0,0.0,0
86,87,2008,Delhi,08-05-2008,3,0,0,field,normal,0,0,0,4,MS Dhoni,9,Aleem Dar,RB Tiffin,,0.0,0.0,0
87,88,2008,Kolkata,08-05-2008,7,12,7,bat,normal,0,7,5,0,SC Ganguly,8,Asad Rauf,IL Howell,,1.0,1.0,1
88,89,2008,Jaipur,09-05-2008,1,10,10,field,normal,0,10,0,8,YK Pathan,32,MR Benson,AM Saheba,,0.0,0.0,0
89,90,2008,Bangalore,28-05-2008,12,8,8,field,normal,0,8,0,9,CRD Fernando,17,BF Bowden,AV Jayaprakash,,0.0,0.0,0
90,91,2008,Chennai,10-05-2008,0,5,5,field,normal,0,0,18,0,L Balaji,20,AV Jayaprakash,BG Jerling,,1.0,0.0,0
91,92,2008,Hyderabad,11-05-2008,7,1,7,bat,normal,0,7,23,0,SC Ganguly,28,IL Howell,AM Saheba,,1.0,1.0,1
92,93,2008,Jaipur,11-05-2008,3,10,10,field,normal,0,10,0,3,SR Watson,32,SJ Davis,RE Koertzen,,0.0,0.0,0
93,94,2008,Chandigarh,12-05-2008,12,5,12,bat,normal,0,5,0,9,SE Marsh,27,BR Doctrove,I Shivram,,0.0,1.0,1
94,95,2008,Kolkata,13-05-2008,7,3,7,bat,normal,0,7,23,0,Shoaib Akhtar,8,Asad Rauf,IL Howell,,1.0,1.0,1
95,96,2008,Mumbai,14-05-2008,0,8,8,field,normal,0,8,0,9,ST Jayasuriya,40,BR Doctrove,AM Saheba,,0.0,0.0,0
96,97,2008,Chandigarh,28-05-2008,5,10,10,field,normal,0,5,41,0,SE Marsh,27,SJ Davis,K Hariharan,,1.0,0.0,0
97,98,2008,Delhi,15-05-2008,3,1,1,field,normal,0,3,12,0,A Mishra,9,BG Jerling,GA Pratapkumar,,1.0,0.0,0
98,99,2008,Mumbai,16-05-2008,7,8,8,field,normal,0,8,0,8,SM Pollock,40,BR Doctrove,DJ Harper,,0.0,0.0,0
99,100,2008,Delhi,17-05-2008,3,5,3,bat,normal,1,5,6,0,DPMD Jayawardene,9,AV Jayaprakash,RE Koertzen,,0.0,1.0,1
100,101,2008,Jaipur,17-05-2008,10,12,12,field,normal,0,10,65,0,GC Smith,32,BF Bowden,SL Shastri,,1.0,0.0,0
101,102,2008,Hyderabad,18-05-2008,8,1,1,field,normal,0,8,25,0,DJ Bravo,28,BR Doctrove,DJ Harper,,1.0,0.0,0
102,103,2008,Kolkata,18-05-2008,7,0,7,bat,normal,1,0,3,0,M Ntini,8,Asad Rauf,K Hariharan,,0.0,1.0,1
103,104,2008,Bangalore,19-05-2008,12,3,3,field,normal,0,3,0,5,SP Goswami,17,SJ Davis,GA Pratapkumar,,0.0,0.0,0
104,105,2008,Kolkata,20-05-2008,7,10,10,field,normal,0,10,0,6,YK Pathan,8,BG Jerling,RE Koertzen,,0.0,0.0,0
105,106,2008,Mumbai,21-05-2008,5,8,8,field,normal,0,5,1,0,SE Marsh,40,BF Bowden,GA Pratapkumar,,1.0,0.0,0
106,107,2008,Chennai,21-05-2008,12,0,12,bat,normal,0,12,14,0,A Kumble,20,DJ Harper,I Shivram,,1.0,1.0,1
107,108,2008,Chandigarh,23-05-2008,1,5,5,field,normal,0,5,0,6,SE Marsh,27,Asad Rauf,SJ Davis,,0.0,0.0,0
108,109,2008,Delhi,24-05-2008,8,3,3,field,normal,0,3,0,5,KD Karthik,9,BF Bowden,K Hariharan,,0.0,0.0,0
109,110,2008,Chennai,24-05-2008,10,0,10,bat,normal,0,10,10,0,JA Morkel,20,DJ Harper,SL Shastri,,1.0,1.0,1
110,111,2008,Bangalore,03-05-2008,12,1,1,field,normal,0,12,3,0,P Kumar,17,BR Doctrove,SL Shastri,,1.0,0.0,0
111,112,2008,Kolkata,25-05-2008,5,7,5,bat,normal,0,7,0,3,Umar Gul,8,SJ Davis,I Shivram,,0.0,1.0,1
112,113,2008,Jaipur,26-05-2008,8,10,10,field,normal,0,10,0,5,Sohail Tanvir,32,BF Bowden,K Hariharan,,0.0,0.0,0
113,114,2008,Hyderabad,27-05-2008,1,0,1,bat,normal,0,0,0,7,SK Raina,28,BG Jerling,AM Saheba,,0.0,1.0,1
114,115,2008,Mumbai,30-05-2008,10,3,3,field,normal,0,10,105,0,SR Watson,40,BF Bowden,RE Koertzen,,1.0,0.0,0
115,116,2008,Mumbai,31-05-2008,5,0,5,bat,normal,0,0,0,9,M Ntini,40,Asad Rauf,DJ Harper,,0.0,1.0,1
116,117,2008,Mumbai,01-06-2008,0,10,10,field,normal,0,10,0,3,YK Pathan,5,BF Bowden,RE Koertzen,,0.0,0.0,0
117,118,2009,Cape Town,18-04-2009,8,0,0,field,normal,0,8,19,0,SR Tendulkar,24,BR Doctrove,K Hariharan,,1.0,0.0,0
118,119,2009,Cape Town,18-04-2009,12,10,12,bat,normal,0,12,75,0,R Dravid,24,BR Doctrove,RB Tiffin,,1.0,1.0,1
119,120,2009,Cape Town,19-04-2009,5,3,3,field,normal,1,3,0,10,DL Vettori,24,MR Benson,SD Ranade,,0.0,0.0,0
120,121,2009,Cape Town,19-04-2009,7,1,7,bat,normal,0,1,0,8,RP Singh,24,MR Benson,BR Doctrove,,0.0,1.0,1
121,122,2009,Port Elizabeth,20-04-2009,0,12,0,bat,normal,0,0,92,0,M Muralitharan,36,BG Jerling,SJA Taufel,,1.0,1.0,1
122,123,2009,Durban,21-04-2009,5,7,7,field,normal,1,7,11,0,CH Gayle,16,DJ Harper,SD Ranade,,0.0,0.0,0
123,124,2009,Cape Town,22-04-2009,1,12,1,bat,normal,0,1,24,0,AC Gilchrist,24,M Erasmus,AM Saheba,,1.0,1.0,1
124,125,2009,Durban,23-04-2009,3,0,3,bat,normal,0,3,9,0,AB de Villiers,16,BR Doctrove,SJA Taufel,,1.0,1.0,1
125,126,2009,Cape Town,23-04-2009,10,7,7,field,tie,0,10,0,0,YK Pathan,24,MR Benson,M Erasmus,,1.0,0.0,0
126,127,2009,Durban,24-04-2009,12,5,12,bat,normal,0,5,0,7,RS Bopara,16,BR Doctrove,TH Wijewardene,,0.0,1.0,1
127,128,2009,Durban,25-04-2009,1,8,1,bat,normal,0,1,12,0,PP Ojha,16,HDPK Dharmasena,SJA Taufel,,1.0,1.0,1
128,129,2009,Port Elizabeth,26-04-2009,12,3,12,bat,normal,0,3,0,6,TM Dilshan,36,S Asnani,BG Jerling,,0.0,1.0,1
129,130,2009,Cape Town,26-04-2009,5,10,5,bat,normal,0,5,27,0,KC Sangakkara,24,M Erasmus,K Hariharan,,1.0,1.0,1
130,131,2009,Durban,27-04-2009,0,1,1,field,normal,0,1,0,6,HH Gibbs,16,IL Howell,TH Wijewardene,,0.0,0.0,0
131,132,2009,Port Elizabeth,27-04-2009,8,7,8,bat,normal,0,8,92,0,SR Tendulkar,36,BG Jerling,RB Tiffin,,1.0,1.0,1
132,133,2009,Centurion,28-04-2009,3,10,3,bat,normal,0,10,0,5,YK Pathan,38,GAV Baxter,RE Koertzen,,0.0,1.0,1
133,134,2009,Durban,29-04-2009,7,12,7,bat,normal,0,12,0,5,MV Boucher,16,MR Benson,TH Wijewardene,,0.0,1.0,1
134,135,2009,Durban,29-04-2009,5,8,5,bat,normal,0,5,3,0,KC Sangakkara,16,MR Benson,SL Shastri,,1.0,1.0,1
135,136,2009,Centurion,30-04-2009,1,3,3,field,normal,0,3,0,6,DP Nannes,38,GAV Baxter,AM Saheba,,0.0,0.0,0
136,137,2009,Centurion,30-04-2009,0,10,10,field,normal,0,0,38,0,SK Raina,38,GAV Baxter,RE Koertzen,,1.0,0.0,0
137,138,2009,East London,01-05-2009,8,7,8,bat,normal,0,8,9,0,JP Duminy,3,M Erasmus,SK Tarapore,,1.0,1.0,1
138,139,2009,Durban,01-05-2009,12,5,12,bat,normal,0,12,8,0,Yuvraj Singh,16,HDPK Dharmasena,S Ravi,,1.0,1.0,1
139,140,2009,Port Elizabeth,02-05-2009,1,10,1,bat,normal,0,10,0,3,YK Pathan,36,S Asnani,BG Jerling,,0.0,1.0,1
140,141,2009,Johannesburg,02-05-2009,0,3,3,field,normal,0,0,18,0,SB Jakati,23,DJ Harper,RE Koertzen,,1.0,0.0,0
141,142,2009,Port Elizabeth,03-05-2009,7,5,7,bat,normal,0,5,0,6,DPMD Jayawardene,36,S Asnani,MR Benson,,0.0,1.0,1
142,143,2009,Johannesburg,03-05-2009,8,12,8,bat,normal,0,12,0,9,JH Kallis,23,RE Koertzen,TH Wijewardene,,0.0,1.0,1
143,144,2009,East London,04-05-2009,0,1,0,bat,normal,0,0,78,0,MS Dhoni,3,BR Doctrove,M Erasmus,,1.0,1.0,1
144,145,2009,Durban,05-05-2009,10,5,5,field,normal,0,10,78,0,GC Smith,16,SS Hazare,IL Howell,,1.0,0.0,0
145,146,2009,Durban,05-05-2009,7,3,7,bat,normal,0,3,0,9,G Gambhir,16,GAV Baxter,IL Howell,,0.0,1.0,1
146,147,2009,Centurion,06-05-2009,1,8,1,bat,normal,0,1,19,0,RG Sharma,38,MR Benson,HDPK Dharmasena,,1.0,1.0,1
147,148,2009,Centurion,07-05-2009,12,10,10,field,normal,0,10,0,7,A Singh,38,K Hariharan,DJ Harper,,0.0,0.0,0
148,149,2009,Centurion,07-05-2009,0,5,0,bat,normal,1,0,12,0,ML Hayden,38,DJ Harper,TH Wijewardene,,1.0,1.0,1
149,150,2009,East London,08-05-2009,8,3,8,bat,normal,0,3,0,7,A Nehra,3,M Erasmus,SK Tarapore,,0.0,1.0,1
150,151,2009,Kimberley,09-05-2009,1,5,5,field,normal,0,5,0,3,DPMD Jayawardene,4,GAV Baxter,AM Saheba,,0.0,0.0,0
151,152,2009,Kimberley,09-05-2009,10,0,10,bat,normal,0,0,0,7,S Badrinath,4,GAV Baxter,HDPK Dharmasena,,0.0,1.0,1
152,153,2009,Port Elizabeth,10-05-2009,8,12,8,bat,normal,0,8,16,0,JP Duminy,36,BR Doctrove,BG Jerling,,1.0,1.0,1
153,154,2009,Johannesburg,10-05-2009,7,3,3,field,normal,0,3,0,7,A Mishra,23,SL Shastri,RB Tiffin,,0.0,0.0,0
154,155,2009,Kimberley,11-05-2009,1,10,1,bat,normal,0,1,53,0,DR Smith,4,GAV Baxter,HDPK Dharmasena,,1.0,1.0,1
155,156,2009,Centurion,12-05-2009,7,12,12,field,normal,0,12,0,6,LRPL Taylor,38,M Erasmus,SS Hazare,,0.0,0.0,0
156,157,2009,Centurion,12-05-2009,5,8,5,bat,normal,0,8,0,8,Harbhajan Singh,38,SS Hazare,RE Koertzen,,0.0,1.0,1
157,158,2009,Durban,13-05-2009,3,1,1,field,normal,0,3,12,0,R Bhatia,16,DJ Harper,SL Shastri,,1.0,0.0,0
158,159,2009,Durban,14-05-2009,0,12,0,bat,normal,0,12,0,2,LRPL Taylor,16,BR Doctrove,DJ Harper,,0.0,1.0,1
159,160,2009,Durban,14-05-2009,10,8,10,bat,normal,0,10,2,0,SK Warne,16,BR Doctrove,DJ Harper,,1.0,1.0,1
160,161,2009,Bloemfontein,15-05-2009,3,5,5,field,normal,0,5,0,6,B Lee,25,HDPK Dharmasena,IL Howell,,0.0,0.0,0
161,162,2009,Port Elizabeth,16-05-2009,8,0,8,bat,normal,0,0,0,7,ML Hayden,36,SK Tarapore,SJA Taufel,,0.0,1.0,1
162,163,2009,Johannesburg,16-05-2009,7,1,1,field,normal,0,1,0,6,RG Sharma,23,RE Koertzen,S Ravi,,0.0,0.0,0
163,164,2009,Johannesburg,17-05-2009,5,1,1,field,normal,0,5,1,0,Yuvraj Singh,23,S Ravi,RB Tiffin,,1.0,0.0,0
164,165,2009,Bloemfontein,17-05-2009,3,10,3,bat,normal,0,3,14,0,AB de Villiers,25,SS Hazare,IL Howell,,1.0,1.0,1
165,166,2009,Centurion,18-05-2009,0,7,0,bat,normal,0,7,0,7,BJ Hodge,38,SJA Taufel,RB Tiffin,,0.0,1.0,1
166,167,2009,Johannesburg,19-05-2009,3,12,3,bat,normal,0,12,0,7,JH Kallis,23,IL Howell,RB Tiffin,,0.0,1.0,1
167,168,2009,Durban,20-05-2009,10,7,7,field,normal,0,7,0,4,LR Shukla,16,BG Jerling,SJA Taufel,,0.0,0.0,0
168,169,2009,Durban,20-05-2009,0,5,0,bat,normal,0,0,24,0,M Muralitharan,16,BG Jerling,SJA Taufel,,1.0,1.0,1
169,170,2009,Centurion,21-05-2009,8,3,3,field,normal,0,3,0,4,V Sehwag,38,IL Howell,S Ravi,,0.0,0.0,0
170,171,2009,Centurion,21-05-2009,12,1,12,bat,normal,0,12,12,0,MK Pandey,38,IL Howell,S Ravi,,1.0,1.0,1
171,172,2009,Centurion,22-05-2009,3,1,1,field,normal,0,1,0,6,AC Gilchrist,38,BR Doctrove,DJ Harper,,0.0,0.0,0
172,173,2009,Johannesburg,23-05-2009,0,12,12,field,normal,0,12,0,6,MK Pandey,23,RE Koertzen,SJA Taufel,,0.0,0.0,0
173,174,2009,Johannesburg,24-05-2009,1,12,12,field,normal,0,1,6,0,A Kumble,23,RE Koertzen,SJA Taufel,,1.0,0.0,0
174,175,2010,Mumbai,12-03-2010,7,1,1,field,normal,0,7,11,0,AD Mathews,5,RE Koertzen,RB Tiffin,,1.0,0.0,0
175,176,2010,Mumbai,13-03-2010,8,10,8,bat,normal,0,8,4,0,YK Pathan,2,RE Koertzen,RB Tiffin,,1.0,1.0,1
176,177,2010,Chandigarh,13-03-2010,5,3,3,field,normal,0,3,0,5,G Gambhir,27,BR Doctrove,S Ravi,,0.0,0.0,0
177,178,2010,Kolkata,14-03-2010,12,7,7,field,normal,0,7,0,7,MK Tiwary,8,HDPK Dharmasena,AM Saheba,,0.0,0.0,0
178,179,2010,Chennai,14-03-2010,1,0,1,bat,normal,0,1,31,0,WPUJC Vaas,20,K Hariharan,DJ Harper,,1.0,1.0,1
179,180,2010,Ahmedabad,15-03-2010,10,3,3,field,normal,0,3,0,6,V Sehwag,30,BG Jerling,RE Koertzen,,0.0,0.0,0
180,181,2010,Bangalore,16-03-2010,5,12,5,bat,normal,0,12,0,8,JH Kallis,17,S Das,DJ Harper,,0.0,1.0,1
181,182,2010,Kolkata,16-03-2010,0,7,0,bat,normal,0,0,55,0,MS Dhoni,8,HDPK Dharmasena,AM Saheba,,1.0,1.0,1
182,183,2010,Delhi,17-03-2010,8,3,3,field,normal,0,8,98,0,SR Tendulkar,9,BR Doctrove,SK Tarapore,,1.0,0.0,0
183,184,2010,Bangalore,18-03-2010,10,12,12,field,normal,0,12,0,10,JH Kallis,17,K Hariharan,DJ Harper,,0.0,0.0,0
184,185,2010,Delhi,19-03-2010,3,0,3,bat,normal,0,0,0,5,ML Hayden,9,BR Doctrove,SK Tarapore,,0.0,1.0,1
185,186,2010,Cuttack,19-03-2010,1,5,5,field,normal,0,1,6,0,A Symonds,1,BF Bowden,M Erasmus,,1.0,0.0,0
186,187,2010,Ahmedabad,20-03-2010,10,7,10,bat,normal,0,10,34,0,AA Jhunjhunwala,30,RE Koertzen,RB Tiffin,,1.0,1.0,1
187,188,2010,Mumbai,20-03-2010,8,12,8,bat,normal,0,12,0,7,JH Kallis,2,HDPK Dharmasena,SS Hazare,,0.0,1.0,1
188,189,2010,Cuttack,21-03-2010,1,3,1,bat,normal,0,1,10,0,A Symonds,1,BF Bowden,M Erasmus,,1.0,1.0,1
189,190,2010,Chennai,21-03-2010,5,0,0,field,tie,0,5,0,0,J Theron,20,K Hariharan,DJ Harper,,1.0,0.0,0
190,191,2010,Mumbai,22-03-2010,7,8,7,bat,normal,0,8,0,7,SR Tendulkar,2,SS Hazare,SJA Taufel,,0.0,1.0,1
191,192,2010,Bangalore,23-03-2010,12,0,0,field,normal,0,12,36,0,RV Uthappa,17,RE Koertzen,RB Tiffin,,1.0,0.0,0
192,193,2010,Chandigarh,24-03-2010,10,5,5,field,normal,0,10,31,0,AC Voges,27,BR Doctrove,SK Tarapore,,1.0,0.0,0
193,194,2010,Mumbai,25-03-2010,0,8,8,field,normal,0,8,0,5,SR Tendulkar,2,BF Bowden,AM Saheba,,0.0,0.0,0
194,195,2010,Ahmedabad,26-03-2010,1,10,1,bat,normal,0,10,0,8,YK Pathan,30,HDPK Dharmasena,SJA Taufel,,0.0,1.0,1
195,196,2010,Chandigarh,27-03-2010,7,5,7,bat,normal,0,7,39,0,MK Tiwary,27,BR Doctrove,S Ravi,,1.0,1.0,1
196,197,2010,Bangalore,25-03-2010,3,12,12,field,normal,0,3,17,0,KM Jadhav,17,BG Jerling,RE Koertzen,,1.0,0.0,0
197,198,2010,Ahmedabad,28-03-2010,10,0,10,bat,normal,0,10,17,0,NV Ojha,30,SS Hazare,SJA Taufel,,1.0,1.0,1
198,199,2010,Mumbai,28-03-2010,8,1,1,field,normal,0,8,41,0,Harbhajan Singh,5,S Das,K Hariharan,,1.0,0.0,0
199,200,2010,Delhi,29-03-2010,3,7,3,bat,normal,0,3,40,0,DA Warner,9,SS Hazare,SJA Taufel,,1.0,1.0,1
200,201,2010,Mumbai,30-03-2010,5,8,8,field,normal,0,8,0,4,SL Malinga,2,BR Doctrove,SK Tarapore,,0.0,0.0,0
201,202,2010,Chennai,31-03-2010,12,0,12,bat,normal,0,0,0,5,M Vijay,20,BG Jerling,RE Koertzen,,0.0,1.0,1
202,203,2010,Delhi,31-03-2010,3,10,3,bat,normal,0,3,67,0,KD Karthik,9,HDPK Dharmasena,SJA Taufel,,1.0,1.0,1
203,204,2010,Kolkata,01-04-2010,7,1,7,bat,normal,0,7,24,0,SC Ganguly,8,K Hariharan,DJ Harper,,1.0,1.0,1
204,205,2010,Chandigarh,02-04-2010,5,12,5,bat,normal,0,12,0,6,KP Pietersen,27,BF Bowden,M Erasmus,,0.0,1.0,1
205,206,2010,Chennai,03-04-2010,0,10,0,bat,normal,0,0,23,0,M Vijay,20,RE Koertzen,RB Tiffin,,1.0,1.0,1
206,207,2010,Mumbai,03-04-2010,8,1,8,bat,normal,0,8,63,0,AT Rayudu,2,BR Doctrove,S Ravi,,1.0,1.0,1
207,208,2010,Kolkata,04-04-2010,7,5,7,bat,normal,0,5,0,8,DPMD Jayawardene,8,S Asnani,DJ Harper,,0.0,1.0,1
208,209,2010,Delhi,04-04-2010,3,12,3,bat,normal,0,3,37,0,PD Collingwood,9,BF Bowden,M Erasmus,,1.0,1.0,1
209,210,2010,Nagpur,05-04-2010,10,1,10,bat,normal,0,10,2,0,SK Warne,39,HDPK Dharmasena,SJA Taufel,,1.0,1.0,1
210,211,2010,Chennai,06-04-2010,0,8,0,bat,normal,0,0,24,0,SK Raina,20,S Asnani,DJ Harper,,1.0,1.0,1
211,212,2010,Jaipur,07-04-2010,5,10,5,bat,normal,0,10,0,9,MJ Lumb,32,S Ravi,SK Tarapore,,0.0,1.0,1
212,213,2010,Kolkata,07-04-2010,7,3,7,bat,normal,0,7,14,0,SC Ganguly,8,BG Jerling,RE Koertzen,,1.0,1.0,1
213,214,2010,Bangalore,08-04-2010,12,1,1,field,normal,0,1,0,7,TL Suman,17,S Asnani,DJ Harper,,0.0,0.0,0
214,215,2010,Chandigarh,09-04-2010,8,5,8,bat,normal,0,5,0,6,KC Sangakkara,27,M Erasmus,AM Saheba,,0.0,1.0,1
215,216,2010,Nagpur,10-04-2010,0,1,0,bat,normal,0,1,0,6,RJ Harris,39,HDPK Dharmasena,SJA Taufel,,0.0,1.0,1
216,217,2010,Bangalore,10-04-2010,7,12,12,field,normal,0,12,0,7,R Vinay Kumar,17,K Hariharan,DJ Harper,,0.0,0.0,0
217,218,2010,Delhi,11-04-2010,3,5,3,bat,normal,0,5,0,7,PP Chawla,9,BF Bowden,AM Saheba,,0.0,1.0,1
218,219,2010,Jaipur,11-04-2010,8,10,10,field,normal,0,8,37,0,SR Tendulkar,32,BR Doctrove,SK Tarapore,,1.0,0.0,0
219,220,2010,Nagpur,12-04-2010,1,12,12,field,normal,0,1,13,0,Harmeet Singh,39,RE Koertzen,RB Tiffin,,1.0,0.0,0
220,221,2010,Mumbai,13-04-2010,8,3,8,bat,normal,0,8,39,0,KA Pollard,2,S Asnani,DJ Harper,,1.0,1.0,1
221,222,2010,Chennai,13-04-2010,7,0,7,bat,normal,0,0,0,9,R Ashwin,20,SS Hazare,SJA Taufel,,0.0,1.0,1
222,223,2010,Jaipur,14-04-2010,10,12,10,bat,normal,0,12,0,5,KP Pietersen,32,BR Doctrove,S Ravi,,0.0,1.0,1
223,224,2010,Chennai,15-04-2010,0,3,0,bat,normal,0,3,0,6,G Gambhir,20,HDPK Dharmasena,SS Hazare,,0.0,1.0,1
224,225,2010,Dharamsala,16-04-2010,5,1,1,field,normal,0,1,0,5,RG Sharma,12,M Erasmus,AM Saheba,,0.0,0.0,0
225,226,2010,Bangalore,17-04-2010,8,12,12,field,normal,0,8,57,0,R McLaren,17,HDPK Dharmasena,SJA Taufel,,1.0,0.0,0
226,227,2010,Kolkata,17-04-2010,10,7,10,bat,normal,0,7,0,8,JD Unadkat,8,BG Jerling,RB Tiffin,,0.0,1.0,1
227,228,2010,Dharamsala,18-04-2010,5,0,0,field,normal,0,0,0,6,MS Dhoni,12,BF Bowden,AM Saheba,,0.0,0.0,0
228,229,2010,Delhi,18-04-2010,1,3,1,bat,normal,0,1,11,0,A Symonds,9,BR Doctrove,SK Tarapore,,1.0,1.0,1
229,230,2010,Kolkata,19-04-2010,8,7,8,bat,normal,0,7,0,9,M Kartik,8,BG Jerling,RE Koertzen,,0.0,1.0,1
230,231,2010,Mumbai,21-04-2010,8,12,8,bat,normal,0,8,35,0,KA Pollard,5,BR Doctrove,RB Tiffin,,1.0,1.0,1
231,232,2010,Mumbai,22-04-2010,0,1,0,bat,normal,0,0,38,0,DE Bollinger,5,BR Doctrove,RB Tiffin,,1.0,1.0,1
232,233,2010,Mumbai,24-04-2010,1,12,1,bat,normal,0,12,0,9,A Kumble,5,RE Koertzen,SJA Taufel,,0.0,1.0,1
233,234,2010,Mumbai,25-04-2010,0,8,0,bat,normal,0,0,22,0,SK Raina,5,RE Koertzen,SJA Taufel,,1.0,1.0,1
234,235,2011,Chennai,08-04-2011,0,7,0,bat,normal,0,0,2,0,S Anirudha,20,BR Doctrove,PR Reiffel,,1.0,1.0,1
235,236,2011,Hyderabad,09-04-2011,1,10,10,field,normal,0,10,0,8,SK Trivedi,28,RE Koertzen,SK Tarapore,,0.0,0.0,0
236,237,2011,Kochi,09-04-2011,6,12,6,bat,normal,0,12,0,6,AB de Villiers,22,HDPK Dharmasena,K Hariharan,,0.0,1.0,1
237,238,2011,Delhi,10-04-2011,3,8,3,bat,normal,0,8,0,8,SL Malinga,9,AM Saheba,RB Tiffin,,0.0,1.0,1
238,239,2011,Mumbai,10-04-2011,5,9,5,bat,normal,0,9,0,7,SB Wagh,5,BR Doctrove,PR Reiffel,,0.0,1.0,1
239,240,2011,Kolkata,11-04-2011,7,1,7,bat,normal,0,7,9,0,JH Kallis,8,RE Koertzen,SK Tarapore,,1.0,1.0,1
240,241,2011,Jaipur,12-04-2011,3,10,3,bat,normal,0,10,0,6,SK Warne,32,Aleem Dar,RB Tiffin,,0.0,1.0,1
241,242,2011,Bangalore,12-04-2011,12,8,8,field,normal,0,8,0,9,SR Tendulkar,17,HDPK Dharmasena,AL Hill,,0.0,0.0,0
242,243,2011,Chandigarh,13-04-2011,0,5,5,field,normal,0,5,0,6,PC Valthaty,27,Asad Rauf,SL Shastri,,0.0,0.0,0
243,244,2011,Mumbai,13-04-2011,6,9,6,bat,normal,0,9,0,4,MD Mishra,5,S Asnani,PR Reiffel,,0.0,1.0,1
244,245,2011,Hyderabad,14-04-2011,1,12,12,field,normal,0,1,33,0,DW Steyn,28,RE Koertzen,S Ravi,,1.0,0.0,0
245,246,2011,Jaipur,15-04-2011,10,7,7,field,normal,0,7,0,9,G Gambhir,32,Aleem Dar,SS Hazare,,0.0,0.0,0
246,247,2011,Mumbai,15-04-2011,8,6,6,field,normal,0,6,0,8,BB McCullum,40,BR Doctrove,PR Reiffel,,0.0,0.0,0
247,248,2011,Chennai,16-04-2011,0,12,0,bat,normal,0,0,21,0,MEK Hussey,20,HDPK Dharmasena,AL Hill,,1.0,1.0,1
248,249,2011,Hyderabad,16-04-2011,1,5,5,field,normal,0,5,0,8,PC Valthaty,28,RE Koertzen,S Ravi,,0.0,0.0,0
249,250,2011,Mumbai,17-04-2011,9,3,3,field,normal,0,3,0,3,Yuvraj Singh,5,Asad Rauf,AM Saheba,,0.0,0.0,0
250,251,2011,Kolkata,17-04-2011,10,7,7,field,normal,0,7,0,8,L Balaji,8,Aleem Dar,RB Tiffin,,0.0,0.0,0
251,252,2011,Kochi,18-04-2011,0,6,6,field,normal,1,6,0,7,BB McCullum,22,K Hariharan,AL Hill,,0.0,0.0,0
252,253,2011,Delhi,19-04-2011,1,3,1,bat,normal,0,1,16,0,S Sohal,9,PR Reiffel,RJ Tucker,,1.0,1.0,1
253,254,2011,Mumbai,20-04-2011,9,8,9,bat,normal,0,8,0,7,MM Patel,40,Asad Rauf,AM Saheba,,0.0,1.0,1
254,255,2011,Kolkata,20-04-2011,6,7,7,field,normal,0,6,6,0,DPMD Jayawardene,8,Aleem Dar,RB Tiffin,,1.0,0.0,0
255,256,2011,Chandigarh,21-04-2011,5,10,10,field,normal,0,5,48,0,SE Marsh,27,S Asnani,PR Reiffel,,1.0,0.0,0
256,257,2011,Mumbai,22-04-2011,8,0,0,field,normal,0,8,8,0,Harbhajan Singh,40,Asad Rauf,AM Saheba,,1.0,0.0,0
257,258,2011,Kolkata,22-04-2011,7,12,12,field,normal,0,12,0,9,CH Gayle,8,SS Hazare,RB Tiffin,,0.0,0.0,0
258,259,2011,Delhi,23-04-2011,3,5,5,field,normal,0,3,29,0,DA Warner,9,S Asnani,RE Koertzen,,1.0,0.0,0
259,260,2011,Hyderabad,24-04-2011,8,1,1,field,normal,0,8,37,0,SL Malinga,28,HDPK Dharmasena,AL Hill,,1.0,0.0,0
260,261,2011,Jaipur,24-04-2011,6,10,10,field,normal,0,10,0,8,SK Warne,32,BR Doctrove,SK Tarapore,,0.0,0.0,0
261,262,2011,Chennai,25-04-2011,0,9,9,field,normal,0,0,25,0,MEK Hussey,20,Aleem Dar,RB Tiffin,,1.0,0.0,0
262,263,2011,Delhi,26-04-2011,3,12,12,field,normal,0,12,0,3,V Kohli,9,S Asnani,RJ Tucker,,0.0,0.0,0
263,264,2011,Mumbai,27-04-2011,9,0,9,bat,normal,0,0,0,8,DE Bollinger,5,Asad Rauf,SL Shastri,,0.0,1.0,1
264,265,2011,Kochi,27-04-2011,1,6,6,field,normal,0,1,55,0,I Sharma,22,HDPK Dharmasena,AL Hill,,1.0,0.0,0
265,266,2011,Delhi,28-04-2011,7,3,3,field,normal,0,7,17,0,MK Tiwary,9,PR Reiffel,RJ Tucker,,1.0,0.0,0
266,267,2011,Jaipur,29-04-2011,8,10,10,field,normal,0,10,0,7,J Botha,32,Asad Rauf,SK Tarapore,,0.0,0.0,0
267,268,2011,Bangalore,29-04-2011,12,9,9,field,normal,0,12,26,0,V Kohli,17,Aleem Dar,SS Hazare,,1.0,0.0,0
268,269,2011,Kochi,30-04-2011,3,6,3,bat,normal,0,3,38,0,V Sehwag,22,HDPK Dharmasena,AL Hill,,1.0,1.0,1
269,270,2011,Kolkata,30-04-2011,5,7,7,field,normal,0,7,0,8,Iqbal Abdulla,8,AM Saheba,SL Shastri,,0.0,0.0,0
270,271,2011,Jaipur,01-05-2011,9,10,10,field,normal,0,10,0,6,LRPL Taylor,32,SK Tarapore,SJA Taufel,,0.0,0.0,0
271,272,2011,Chennai,01-05-2011,0,1,0,bat,normal,0,0,19,0,JA Morkel,20,Aleem Dar,RB Tiffin,,1.0,1.0,1
272,273,2011,Mumbai,02-05-2011,8,5,5,field,normal,0,8,23,0,KA Pollard,40,HDPK Dharmasena,PR Reiffel,,1.0,0.0,0
273,274,2011,Delhi,02-05-2011,3,6,6,field,normal,0,6,0,7,P Parameswaran,9,Asad Rauf,SL Shastri,,0.0,0.0,0
274,275,2011,Hyderabad,03-05-2011,7,1,1,field,normal,0,7,20,0,YK Pathan,28,S Asnani,RJ Tucker,,1.0,0.0,0
275,276,2011,Chennai,04-05-2011,10,0,10,bat,normal,0,0,0,8,MEK Hussey,20,SS Hazare,RB Tiffin,,0.0,1.0,1
276,277,2011,Mumbai,04-05-2011,8,9,9,field,normal,0,8,21,0,R Sharma,5,HDPK Dharmasena,SJA Taufel,,1.0,0.0,0
277,278,2011,Kochi,05-05-2011,6,7,7,field,normal,0,6,17,0,BJ Hodge,22,S Ravi,RJ Tucker,,1.0,0.0,0
278,279,2011,Hyderabad,05-05-2011,1,3,3,field,normal,0,3,0,4,V Sehwag,28,Asad Rauf,AM Saheba,,0.0,0.0,0
279,280,2011,Bangalore,06-05-2011,12,5,5,field,normal,0,12,85,0,CH Gayle,17,Aleem Dar,RB Tiffin,,1.0,0.0,0
280,281,2011,Kolkata,07-05-2011,0,7,0,bat,normal,1,7,10,0,Iqbal Abdulla,8,Asad Rauf,PR Reiffel,,0.0,1.0,1
281,282,2011,Mumbai,07-05-2011,8,3,3,field,normal,0,8,32,0,AT Rayudu,40,K Hariharan,SJA Taufel,,1.0,0.0,0
282,283,2011,Bangalore,08-05-2011,6,12,6,bat,normal,0,12,0,9,CH Gayle,17,Aleem Dar,SS Hazare,,0.0,1.0,1
283,284,2011,Chandigarh,08-05-2011,5,9,5,bat,normal,0,9,0,5,R Sharma,27,SK Tarapore,RJ Tucker,,0.0,1.0,1
284,285,2011,Jaipur,09-05-2011,0,10,10,field,normal,0,0,63,0,M Vijay,32,K Hariharan,SJA Taufel,,1.0,0.0,0
285,286,2011,Hyderabad,10-05-2011,1,9,1,bat,normal,0,9,0,6,MR Marsh,28,Asad Rauf,AM Saheba,,0.0,1.0,1
286,287,2011,Chandigarh,10-05-2011,5,8,8,field,normal,0,5,76,0,BA Bhatt,27,SK Tarapore,RJ Tucker,,1.0,0.0,0
287,288,2011,Jaipur,11-05-2011,10,12,12,field,normal,0,12,0,9,S Aravind,32,HDPK Dharmasena,K Hariharan,,0.0,0.0,0
288,289,2011,Chennai,12-05-2011,0,3,0,bat,normal,0,0,18,0,MS Dhoni,20,AM Saheba,SL Shastri,,1.0,1.0,1
289,290,2011,Indore,13-05-2011,6,5,5,field,normal,0,5,0,6,KD Karthik,13,S Asnani,RJ Tucker,,0.0,0.0,0
290,291,2011,Bangalore,14-05-2011,7,12,12,field,normal,1,12,0,4,CH Gayle,17,RE Koertzen,RB Tiffin,,0.0,0.0,0
291,292,2011,Mumbai,14-05-2011,1,8,1,bat,normal,0,1,10,0,A Mishra,40,S Ravi,SK Tarapore,,1.0,1.0,1
292,293,2011,Dharamsala,15-05-2011,5,3,3,field,normal,0,5,29,0,PP Chawla,12,Asad Rauf,SL Shastri,,1.0,0.0,0
293,294,2011,Indore,15-05-2011,10,6,6,field,normal,0,6,0,8,BJ Hodge,13,PR Reiffel,RJ Tucker,,0.0,0.0,0
294,295,2011,Mumbai,16-05-2011,9,1,1,field,normal,0,1,0,6,A Mishra,5,S Ravi,SK Tarapore,,0.0,0.0,0
295,296,2011,Dharamsala,17-05-2011,5,12,5,bat,normal,0,5,111,0,AC Gilchrist,12,Asad Rauf,AM Saheba,,1.0,1.0,1
296,297,2011,Chennai,18-05-2011,0,6,0,bat,normal,0,0,11,0,WP Saha,20,HDPK Dharmasena,RE Koertzen,,1.0,1.0,1
297,298,2011,Mumbai,19-05-2011,9,7,7,field,normal,0,7,0,7,YK Pathan,5,S Ravi,SJA Taufel,,0.0,0.0,0
298,299,2011,Mumbai,20-05-2011,8,10,8,bat,normal,0,10,0,10,SR Watson,40,RE Koertzen,PR Reiffel,,0.0,1.0,1
299,300,2011,Dharamsala,21-05-2011,1,5,5,field,normal,0,1,82,0,S Dhawan,12,Asad Rauf,AM Saheba,,1.0,0.0,0
301,302,2011,Bangalore,22-05-2011,0,12,12,field,normal,0,12,0,8,CH Gayle,17,K Hariharan,RE Koertzen,,0.0,0.0,0
302,303,2011,Kolkata,22-05-2011,7,8,8,field,normal,0,8,0,5,JEC Franklin,8,SK Tarapore,SJA Taufel,,0.0,0.0,0
303,304,2011,Mumbai,24-05-2011,12,0,0,field,normal,0,0,0,6,SK Raina,40,Asad Rauf,SJA Taufel,,0.0,0.0,0
304,305,2011,Mumbai,25-05-2011,7,8,8,field,normal,0,8,0,4,MM Patel,40,Asad Rauf,SJA Taufel,,0.0,0.0,0
305,306,2011,Chennai,27-05-2011,12,8,8,field,normal,0,12,43,0,CH Gayle,20,Asad Rauf,SJA Taufel,,1.0,0.0,0
306,307,2011,Chennai,28-05-2011,0,12,0,bat,normal,0,0,58,0,M Vijay,20,Asad Rauf,SJA Taufel,,1.0,1.0,1
307,308,2012,Chennai,04-04-2012,0,8,8,field,normal,0,8,0,8,RE Levi,20,JD Cloete,SJA Taufel,,0.0,0.0,0
308,309,2012,Kolkata,05-04-2012,7,3,3,field,normal,0,3,0,8,IK Pathan,8,S Asnani,HDPK Dharmasena,,0.0,0.0,0
309,310,2012,Mumbai,06-04-2012,9,8,8,field,normal,0,9,28,0,SPD Smith,40,AK Chaudhary,SJA Taufel,,1.0,0.0,0
310,311,2012,Jaipur,06-04-2012,10,5,5,field,normal,0,10,31,0,AM Rahane,32,BF Bowden,SK Tarapore,,1.0,0.0,0
311,312,2012,Bangalore,07-04-2012,12,3,3,field,normal,0,12,20,0,AB de Villiers,17,S Asnani,S Ravi,,1.0,0.0,0
312,313,2012,Visakhapatnam,07-04-2012,0,1,1,field,normal,0,0,74,0,RA Jadeja,6,JD Cloete,HDPK Dharmasena,,1.0,0.0,0
313,314,2012,Jaipur,08-04-2012,10,7,7,field,normal,0,10,22,0,BJ Hodge,32,BF Bowden,VA Kulkarni,,1.0,0.0,0
314,315,2012,Pune,08-04-2012,9,5,9,bat,normal,0,9,22,0,MN Samuels,37,S Das,SJA Taufel,,1.0,1.0,1
315,316,2012,Visakhapatnam,09-04-2012,1,8,1,bat,normal,0,8,0,5,RG Sharma,6,AK Chaudhary,JD Cloete,,0.0,1.0,1
316,317,2012,Bangalore,10-04-2012,7,12,12,field,normal,0,7,42,0,L Balaji,17,S Ravi,RJ Tucker,,1.0,0.0,0
317,318,2012,Delhi,10-04-2012,0,3,3,field,normal,0,3,0,8,M Morkel,9,Asad Rauf,SK Tarapore,,0.0,0.0,0
318,319,2012,Mumbai,11-04-2012,8,10,10,field,normal,0,8,27,0,KA Pollard,40,Aleem Dar,BNJ Oxenford,,1.0,0.0,0
319,320,2012,Chennai,12-04-2012,12,0,12,bat,normal,0,0,0,5,F du Plessis,20,HDPK Dharmasena,RJ Tucker,,0.0,1.0,1
320,321,2012,Chandigarh,12-04-2012,9,5,5,field,normal,0,5,0,7,AD Mascarenhas,27,VA Kulkarni,SK Tarapore,,0.0,0.0,0
321,322,2012,Kolkata,13-04-2012,10,7,10,bat,normal,0,7,0,5,Shakib Al Hasan,8,Asad Rauf,S Asnani,,0.0,1.0,1
322,323,2012,Delhi,19-04-2012,1,3,1,bat,normal,0,3,0,5,KP Pietersen,9,BF Bowden,SK Tarapore,,0.0,1.0,1
323,324,2012,Pune,14-04-2012,0,9,0,bat,normal,0,9,0,7,JD Ryder,37,Aleem Dar,BNJ Oxenford,,0.0,1.0,1
324,325,2012,Kolkata,15-04-2012,5,7,7,field,normal,0,5,2,0,SP Narine,8,Asad Rauf,S Asnani,,1.0,0.0,0
325,326,2012,Bangalore,15-04-2012,10,12,10,bat,normal,0,10,59,0,AM Rahane,17,JD Cloete,RJ Tucker,,1.0,1.0,1
326,327,2012,Mumbai,16-04-2012,8,3,3,field,normal,0,3,0,7,S Nadeem,40,BF Bowden,SK Tarapore,,0.0,0.0,0
327,328,2012,Jaipur,17-04-2012,1,10,1,bat,normal,0,10,0,5,BJ Hodge,32,Aleem Dar,BNJ Oxenford,,0.0,1.0,1
328,329,2012,Bangalore,17-04-2012,9,12,9,bat,normal,0,12,0,6,CH Gayle,17,S Asnani,S Das,,0.0,1.0,1
329,330,2012,Chandigarh,18-04-2012,5,7,5,bat,normal,0,7,0,8,G Gambhir,27,JD Cloete,RJ Tucker,,0.0,1.0,1
330,331,2012,Hyderabad,10-05-2012,1,3,1,bat,normal,0,3,0,9,DA Warner,28,JD Cloete,SJA Taufel,,0.0,1.0,1
331,332,2012,Chennai,19-04-2012,0,9,9,field,normal,0,0,13,0,KMDN Kulasekara,20,Asad Rauf,S Das,,1.0,0.0,0
332,333,2012,Chandigarh,20-04-2012,5,12,12,field,normal,0,12,0,5,CH Gayle,27,S Ravi,RJ Tucker,,0.0,0.0,0
333,334,2012,Chennai,21-04-2012,10,0,10,bat,normal,0,0,0,7,F du Plessis,20,Aleem Dar,BNJ Oxenford,,0.0,1.0,1
334,335,2012,Delhi,21-04-2012,9,3,3,field,normal,0,9,20,0,SC Ganguly,9,Asad Rauf,S Das,,1.0,0.0,0
335,336,2012,Mumbai,22-04-2012,8,5,8,bat,normal,0,5,0,6,SE Marsh,40,S Ravi,RJ Tucker,,0.0,1.0,1
336,337,2012,Cuttack,22-04-2012,1,7,7,field,normal,0,7,0,5,B Lee,1,BF Bowden,SK Tarapore,,0.0,0.0,0
337,338,2012,Jaipur,23-04-2012,12,10,10,field,normal,0,12,46,0,AB de Villiers,32,Asad Rauf,S Asnani,,1.0,0.0,0
338,339,2012,Pune,24-04-2012,9,3,9,bat,normal,0,3,0,8,V Sehwag,37,S Ravi,RJ Tucker,,0.0,1.0,1
339,340,2012,Chandigarh,25-04-2012,5,8,5,bat,normal,0,8,0,4,AT Rayudu,27,Aleem Dar,BNJ Oxenford,,0.0,1.0,1
340,341,2012,Pune,26-04-2012,1,9,1,bat,normal,0,1,18,0,CL White,37,S Ravi,RJ Tucker,,1.0,1.0,1
341,342,2012,Delhi,27-04-2012,3,8,8,field,normal,0,3,37,0,V Sehwag,9,Aleem Dar,BNJ Oxenford,,1.0,0.0,0
342,343,2012,Chennai,28-04-2012,5,0,5,bat,normal,0,5,7,0,Mandeep Singh,20,BF Bowden,SK Tarapore,,1.0,1.0,1
343,344,2012,Kolkata,28-04-2012,7,12,7,bat,normal,0,7,47,0,G Gambhir,8,Asad Rauf,BR Doctrove,,1.0,1.0,1
344,345,2012,Delhi,29-04-2012,3,10,3,bat,normal,0,3,1,0,V Sehwag,9,S Ravi,RJ Tucker,,1.0,1.0,1
345,346,2012,Mumbai,29-04-2012,1,8,8,field,normal,0,8,0,5,DW Steyn,40,AK Chaudhary,BNJ Oxenford,,0.0,0.0,0
346,347,2012,Chennai,30-04-2012,0,7,0,bat,normal,0,7,0,5,G Gambhir,20,BF Bowden,C Shamshuddin,,0.0,1.0,1
347,348,2012,Cuttack,01-05-2012,1,9,1,bat,normal,0,1,13,0,KC Sangakkara,1,Aleem Dar,AK Chaudhary,,1.0,1.0,1
348,349,2012,Jaipur,01-05-2012,10,3,10,bat,normal,0,3,0,6,P Negi,32,JD Cloete,SJA Taufel,,0.0,1.0,1
349,350,2012,Bangalore,02-05-2012,12,5,5,field,normal,0,5,0,4,Azhar Mahmood,17,BF Bowden,C Shamshuddin,,0.0,0.0,0
350,351,2012,Pune,03-05-2012,8,9,8,bat,normal,0,8,1,0,SL Malinga,37,Asad Rauf,S Asnani,,1.0,1.0,1
351,352,2012,Chennai,04-05-2012,0,1,0,bat,normal,0,0,10,0,SK Raina,20,HDPK Dharmasena,BNJ Oxenford,,1.0,1.0,1
352,353,2012,Kolkata,05-05-2012,7,9,7,bat,normal,0,7,7,0,SP Narine,8,BF Bowden,SK Tarapore,,1.0,1.0,1
353,354,2012,Chandigarh,05-05-2012,10,5,10,bat,normal,0,10,43,0,SR Watson,27,JD Cloete,SJA Taufel,,1.0,1.0,1
354,355,2012,Mumbai,06-05-2012,0,8,8,field,normal,0,8,0,2,DR Smith,40,Asad Rauf,S Asnani,,0.0,0.0,0
355,356,2012,Bangalore,06-05-2012,1,12,12,field,normal,0,12,0,5,AB de Villiers,17,HDPK Dharmasena,BNJ Oxenford,,0.0,0.0,0
356,357,2012,Delhi,07-05-2012,3,7,3,bat,normal,0,7,0,6,JH Kallis,9,JD Cloete,S Ravi,,0.0,1.0,1
357,358,2012,Pune,08-05-2012,9,10,9,bat,normal,0,10,0,7,SR Watson,37,Asad Rauf,BR Doctrove,,0.0,1.0,1
358,359,2012,Hyderabad,08-05-2012,5,1,1,field,normal,0,5,25,0,Mandeep Singh,28,HDPK Dharmasena,BNJ Oxenford,,1.0,0.0,0
359,360,2012,Mumbai,09-05-2012,8,12,12,field,normal,0,12,0,9,CH Gayle,40,BF Bowden,VA Kulkarni,,0.0,0.0,0
360,361,2012,Jaipur,10-05-2012,10,0,0,field,normal,0,0,0,4,BW Hilfenhaus,32,BNJ Oxenford,C Shamshuddin,,0.0,0.0,0
361,362,2012,Pune,11-05-2012,12,9,9,field,normal,0,12,35,0,CH Gayle,37,BF Bowden,SK Tarapore,,1.0,0.0,0
362,363,2012,Kolkata,12-05-2012,8,7,8,bat,normal,0,8,27,0,RG Sharma,8,S Ravi,SJA Taufel,,1.0,1.0,1
363,364,2012,Chennai,12-05-2012,3,0,0,field,normal,0,0,0,9,BW Hilfenhaus,20,S Das,BR Doctrove,,0.0,0.0,0
364,365,2012,Jaipur,13-05-2012,10,9,10,bat,normal,0,10,45,0,A Chandila,32,BF Bowden,SK Tarapore,,1.0,1.0,1
365,366,2012,Chandigarh,13-05-2012,1,5,1,bat,normal,0,5,0,4,DJ Hussey,27,HDPK Dharmasena,BNJ Oxenford,,0.0,1.0,1
366,367,2012,Bangalore,14-05-2012,12,8,8,field,normal,0,8,0,5,AT Rayudu,17,S Das,BR Doctrove,,0.0,0.0,0
367,368,2012,Kolkata,14-05-2012,7,0,0,field,normal,0,0,0,5,MEK Hussey,8,JD Cloete,SJA Taufel,,0.0,0.0,0
368,369,2012,Delhi,15-05-2012,5,3,5,bat,normal,0,3,0,5,UT Yadav,9,HDPK Dharmasena,BNJ Oxenford,,0.0,1.0,1
369,370,2012,Mumbai,16-05-2012,7,8,8,field,normal,0,7,32,0,SP Narine,40,S Das,BR Doctrove,,1.0,0.0,0
370,371,2012,Dharamsala,17-05-2012,0,5,5,field,normal,0,5,0,6,AC Gilchrist,12,VA Kulkarni,SK Tarapore,,0.0,0.0,0
371,372,2012,Delhi,17-05-2012,12,3,3,field,normal,0,12,21,0,CH Gayle,9,HDPK Dharmasena,C Shamshuddin,,1.0,0.0,0
372,373,2012,Hyderabad,18-05-2012,10,1,10,bat,normal,0,1,0,5,DW Steyn,28,S Ravi,SJA Taufel,,0.0,1.0,1
373,374,2012,Dharamsala,19-05-2012,5,3,3,field,normal,0,3,0,6,UT Yadav,12,BF Bowden,VA Kulkarni,,0.0,0.0,0
374,375,2012,Pune,19-05-2012,7,9,7,bat,normal,0,7,34,0,Shakib Al Hasan,37,S Asnani,BR Doctrove,,1.0,1.0,1
375,376,2012,Hyderabad,20-05-2012,1,12,12,field,normal,0,1,9,0,DW Steyn,28,S Ravi,SJA Taufel,,1.0,0.0,0
376,377,2012,Jaipur,20-05-2012,10,8,10,bat,normal,0,8,0,10,DR Smith,32,HDPK Dharmasena,C Shamshuddin,,0.0,1.0,1
377,378,2012,Pune,22-05-2012,7,3,7,bat,normal,0,7,18,0,YK Pathan,37,BR Doctrove,SJA Taufel,,1.0,1.0,1
378,379,2012,Bangalore,23-05-2012,0,8,8,field,normal,0,0,38,0,MS Dhoni,17,BF Bowden,HDPK Dharmasena,,1.0,0.0,0
379,380,2012,Chennai,25-05-2012,0,3,3,field,normal,0,0,86,0,M Vijay,20,BR Doctrove,SJA Taufel,,1.0,0.0,0
380,381,2012,Chennai,27-05-2012,0,7,0,bat,normal,0,7,0,5,MS Bisla,20,BF Bowden,SJA Taufel,,0.0,1.0,1
381,382,2013,Kolkata,03-04-2013,3,7,7,field,normal,0,7,0,6,SP Narine,8,S Ravi,SJA Taufel,,0.0,0.0,0
382,383,2013,Bangalore,04-04-2013,12,8,8,field,normal,0,12,2,0,CH Gayle,17,VA Kulkarni,C Shamshuddin,,1.0,0.0,0
383,384,2013,Hyderabad,05-04-2013,13,9,9,field,normal,0,13,22,0,A Mishra,28,S Ravi,SJA Taufel,,1.0,0.0,0
384,385,2013,Delhi,06-04-2013,10,3,10,bat,normal,0,10,5,0,R Dravid,9,S Das,C Shamshuddin,,1.0,1.0,1
385,386,2013,Chennai,06-04-2013,8,0,8,bat,normal,0,8,9,0,KA Pollard,20,M Erasmus,VA Kulkarni,,1.0,1.0,1
386,387,2013,Pune,07-04-2013,9,5,9,bat,normal,0,5,0,8,M Vohra,37,S Asnani,SJA Taufel,,0.0,1.0,1
387,388,2013,Hyderabad,07-04-2013,12,13,12,bat,tie,0,13,0,0,GH Vihari,28,AK Chaudhary,S Ravi,,0.0,1.0,1
388,389,2013,Jaipur,08-04-2013,10,7,7,field,normal,0,10,19,0,SK Trivedi,32,Aleem Dar,S Das,,1.0,0.0,0
389,390,2013,Mumbai,09-04-2013,8,3,8,bat,normal,0,8,44,0,KD Karthik,40,M Erasmus,VA Kulkarni,,1.0,1.0,1
390,391,2013,Chandigarh,10-04-2013,5,0,0,field,normal,0,0,0,10,MEK Hussey,27,Aleem Dar,C Shamshuddin,,0.0,0.0,0
391,392,2013,Bangalore,11-04-2013,7,12,12,field,normal,0,12,0,8,CH Gayle,17,Asad Rauf,AK Chaudhary,,0.0,0.0,0
392,393,2013,Pune,11-04-2013,10,9,10,bat,normal,0,9,0,7,AJ Finch,37,M Erasmus,K Srinath,,0.0,1.0,1
393,394,2013,Delhi,12-04-2013,3,13,3,bat,normal,0,13,0,3,A Mishra,9,Aleem Dar,Subroto Das,,0.0,1.0,1
394,395,2013,Mumbai,13-04-2013,8,9,8,bat,normal,0,8,41,0,RG Sharma,40,S Ravi,SJA Taufel,,1.0,1.0,1
395,396,2013,Chennai,13-04-2013,12,0,0,field,normal,0,0,0,4,RA Jadeja,20,Asad Rauf,AK Chaudhary,,0.0,0.0,0
396,397,2013,Kolkata,14-04-2013,7,13,7,bat,normal,0,7,48,0,G Gambhir,8,M Erasmus,VA Kulkarni,,1.0,1.0,1
397,398,2013,Jaipur,14-04-2013,5,10,10,field,normal,0,10,0,6,JP Faulkner,32,Aleem Dar,C Shamshuddin,,0.0,0.0,0
398,399,2013,Chennai,15-04-2013,9,0,9,bat,normal,0,9,24,0,SPD Smith,20,Asad Rauf,AK Chaudhary,,1.0,1.0,1
399,400,2013,Chandigarh,16-04-2013,5,7,7,field,normal,0,5,4,0,MS Gony,27,CK Nandan,SJA Taufel,,1.0,0.0,0
400,401,2013,Bangalore,16-04-2013,3,12,12,field,tie,0,12,0,0,V Kohli,17,M Erasmus,VA Kulkarni,,0.0,0.0,0
401,402,2013,Pune,17-04-2013,13,9,9,field,normal,0,13,11,0,A Mishra,37,Asad Rauf,AK Chaudhary,,1.0,0.0,0
402,403,2013,Jaipur,17-04-2013,10,8,10,bat,normal,0,10,87,0,AM Rahane,32,Aleem Dar,C Shamshuddin,,1.0,1.0,1
403,404,2013,Delhi,18-04-2013,0,3,0,bat,normal,0,0,86,0,MEK Hussey,9,M Erasmus,VA Kulkarni,,1.0,1.0,1
404,405,2013,Hyderabad,19-04-2013,5,13,5,bat,normal,0,13,0,5,GH Vihari,28,HDPK Dharmasena,CK Nandan,,0.0,1.0,1
405,406,2013,Kolkata,20-04-2013,7,0,7,bat,normal,0,0,0,4,RA Jadeja,8,Asad Rauf,AK Chaudhary,,0.0,1.0,1
406,407,2013,Bangalore,20-04-2013,10,12,12,field,normal,0,12,0,7,R Vinay Kumar,17,Aleem Dar,C Shamshuddin,,0.0,0.0,0
407,408,2013,Delhi,21-04-2013,8,3,8,bat,normal,0,3,0,9,V Sehwag,9,HDPK Dharmasena,S Ravi,,0.0,1.0,1
408,409,2013,Chandigarh,21-04-2013,9,5,5,field,normal,0,5,0,7,DA Miller,27,M Erasmus,K Srinath,,0.0,0.0,0
409,410,2013,Chennai,22-04-2013,10,0,10,bat,normal,0,0,0,5,MEK Hussey,20,S Asnani,AK Chaudhary,,0.0,1.0,1
410,411,2013,Bangalore,23-04-2013,12,9,9,field,normal,0,12,130,0,CH Gayle,17,Aleem Dar,C Shamshuddin,,1.0,0.0,0
411,412,2013,Dharamsala,16-05-2013,5,3,3,field,normal,0,5,7,0,DA Miller,12,HDPK Dharmasena,S Ravi,,1.0,0.0,0
412,413,2013,Kolkata,24-04-2013,7,8,7,bat,normal,0,8,0,5,DR Smith,8,HDPK Dharmasena,S Ravi,,0.0,1.0,1
413,414,2013,Chennai,25-04-2013,13,0,13,bat,normal,0,0,0,5,MS Dhoni,20,Aleem Dar,S Das,,0.0,1.0,1
414,415,2013,Kolkata,26-04-2013,5,7,5,bat,normal,0,7,0,6,JH Kallis,8,CK Nandan,S Ravi,,0.0,1.0,1
415,416,2013,Jaipur,27-04-2013,13,10,13,bat,normal,0,10,0,8,JP Faulkner,32,VA Kulkarni,K Srinath,,0.0,1.0,1
416,417,2013,Mumbai,27-04-2013,8,12,8,bat,normal,0,8,58,0,DR Smith,40,Asad Rauf,S Asnani,,1.0,1.0,1
417,418,2013,Chennai,28-04-2013,0,7,7,field,normal,0,0,14,0,MEK Hussey,20,Aleem Dar,SJA Taufel,,1.0,0.0,0
418,419,2013,Raipur,28-04-2013,3,9,9,field,normal,0,3,15,0,DA Warner,33,CK Nandan,S Ravi,,1.0,0.0,0
419,420,2013,Jaipur,29-04-2013,12,10,10,field,normal,0,10,0,4,SV Samson,32,M Erasmus,K Srinath,,0.0,0.0,0
420,421,2013,Mumbai,29-04-2013,8,5,8,bat,normal,0,8,4,0,RG Sharma,40,Asad Rauf,AK Chaudhary,,1.0,1.0,1
421,422,2013,Pune,30-04-2013,0,9,0,bat,normal,0,0,37,0,MS Dhoni,37,S Das,SJA Taufel,,1.0,1.0,1
422,423,2013,Hyderabad,01-05-2013,8,13,8,bat,normal,0,13,0,7,I Sharma,28,Asad Rauf,S Asnani,,0.0,1.0,1
423,424,2013,Raipur,01-05-2013,7,3,7,bat,normal,0,3,0,7,DA Warner,33,HDPK Dharmasena,CK Nandan,,0.0,1.0,1
424,425,2013,Chennai,02-05-2013,0,5,0,bat,normal,0,0,15,0,SK Raina,20,M Erasmus,VA Kulkarni,,1.0,1.0,1
425,426,2013,Pune,02-05-2013,12,9,12,bat,normal,0,12,17,0,AB de Villiers,37,Aleem Dar,C Shamshuddin,,1.0,1.0,1
426,427,2013,Kolkata,03-05-2013,10,7,10,bat,normal,0,7,0,8,YK Pathan,8,HDPK Dharmasena,CK Nandan,,0.0,1.0,1
427,428,2013,Hyderabad,04-05-2013,3,13,3,bat,normal,0,13,0,6,DJG Sammy,28,Asad Rauf,S Asnani,,0.0,1.0,1
428,429,2013,Bangalore,14-05-2013,12,5,5,field,normal,0,5,0,7,AC Gilchrist,17,HDPK Dharmasena,S Ravi,,0.0,0.0,0
429,430,2013,Mumbai,05-05-2013,8,0,8,bat,normal,0,8,60,0,MG Johnson,40,HDPK Dharmasena,CK Nandan,,1.0,1.0,1
430,431,2013,Jaipur,05-05-2013,9,10,9,bat,normal,0,10,0,5,AM Rahane,32,C Shamshuddin,RJ Tucker,,0.0,1.0,1
431,432,2013,Bangalore,09-04-2013,13,12,13,bat,normal,0,12,0,7,V Kohli,17,S Ravi,SJA Taufel,,0.0,1.0,1
432,433,2013,Jaipur,07-05-2013,3,10,3,bat,normal,0,10,0,9,AM Rahane,32,Aleem Dar,RJ Tucker,,0.0,1.0,1
433,434,2013,Mumbai,07-05-2013,8,7,8,bat,normal,0,8,65,0,SR Tendulkar,40,HDPK Dharmasena,S Ravi,,1.0,1.0,1
434,435,2013,Hyderabad,08-05-2013,0,13,13,field,normal,0,0,77,0,SK Raina,28,S Das,NJ Llong,,1.0,0.0,0
435,436,2013,Chandigarh,09-05-2013,5,10,10,field,normal,0,10,0,8,KK Cooper,27,HDPK Dharmasena,S Ravi,,0.0,0.0,0
436,437,2013,Pune,09-05-2013,7,9,7,bat,normal,0,7,46,0,G Gambhir,37,Asad Rauf,S Asnani,,1.0,1.0,1
437,438,2013,Delhi,10-05-2013,12,3,3,field,normal,0,12,4,0,JD Unadkat,9,NJ Llong,K Srinath,,1.0,0.0,0
438,439,2013,Pune,11-05-2013,9,8,9,bat,normal,0,8,0,5,MG Johnson,37,Asad Rauf,AK Chaudhary,,0.0,1.0,1
439,440,2013,Chandigarh,11-05-2013,13,5,5,field,normal,0,13,30,0,PA Patel,27,S Das,RJ Tucker,,1.0,0.0,0
440,441,2013,Ranchi,12-05-2013,12,7,7,field,normal,0,7,0,5,JH Kallis,15,NJ Llong,K Srinath,,0.0,0.0,0
441,442,2013,Jaipur,12-05-2013,0,10,10,field,normal,0,10,0,5,SR Watson,32,HDPK Dharmasena,CK Nandan,,0.0,0.0,0
442,443,2013,Delhi,23-04-2013,3,5,5,field,normal,0,5,0,5,Harmeet Singh,9,VA Kulkarni,K Srinath,,0.0,0.0,0
443,444,2013,Mumbai,13-05-2013,13,8,13,bat,normal,0,8,0,7,KA Pollard,40,AK Chaudhary,SJA Taufel,,0.0,1.0,1
444,445,2013,Ranchi,15-05-2013,9,7,7,field,normal,0,9,7,0,MK Pandey,15,NJ Llong,K Srinath,,1.0,0.0,0
445,446,2013,Chennai,14-05-2013,0,3,0,bat,normal,0,0,33,0,MS Dhoni,20,C Shamshuddin,RJ Tucker,,1.0,1.0,1
446,447,2013,Mumbai,15-05-2013,8,10,10,field,normal,0,8,14,0,AP Tare,40,Asad Rauf,S Asnani,,1.0,0.0,0
447,448,2013,Chandigarh,06-05-2013,12,5,5,field,normal,0,5,0,6,DA Miller,27,VA Kulkarni,NJ Llong,,0.0,0.0,0
448,449,2013,Hyderabad,17-05-2013,13,10,13,bat,normal,0,13,23,0,A Mishra,28,Asad Rauf,AK Chaudhary,,1.0,1.0,1
449,450,2013,Dharamsala,18-05-2013,5,8,8,field,normal,0,5,50,0,Azhar Mahmood,12,HDPK Dharmasena,CK Nandan,,1.0,0.0,0
450,451,2013,Pune,19-05-2013,9,3,9,bat,normal,0,9,38,0,LJ Wright,37,NJ Llong,SJA Taufel,,1.0,1.0,1
451,452,2013,Bangalore,18-05-2013,12,0,0,field,normal,0,12,24,0,V Kohli,17,C Shamshuddin,RJ Tucker,,1.0,0.0,0
452,453,2013,Hyderabad,19-05-2013,7,13,7,bat,normal,0,13,0,5,PA Patel,28,Asad Rauf,S Asnani,,0.0,1.0,1
453,454,2013,Delhi,21-05-2013,0,8,0,bat,normal,0,0,48,0,MEK Hussey,9,NJ Llong,RJ Tucker,,1.0,1.0,1
454,455,2013,Delhi,22-05-2013,13,10,13,bat,normal,0,10,0,4,BJ Hodge,9,S Ravi,RJ Tucker,,0.0,1.0,1
455,456,2013,Kolkata,24-05-2013,10,8,10,bat,normal,0,8,0,4,Harbhajan Singh,8,C Shamshuddin,SJA Taufel,,0.0,1.0,1
456,457,2013,Kolkata,26-05-2013,8,0,8,bat,normal,0,8,23,0,KA Pollard,8,HDPK Dharmasena,SJA Taufel,,1.0,1.0,1
457,458,2014,Abu Dhabi,16-04-2014,7,8,7,bat,normal,0,7,41,0,JH Kallis,35,M Erasmus,RK Illingworth,,1.0,1.0,1
458,459,2014,Sharjah,17-04-2014,3,12,12,field,normal,0,12,0,8,YS Chahal,34,Aleem Dar,S Ravi,,0.0,0.0,0
459,460,2014,Abu Dhabi,18-04-2014,0,5,0,bat,normal,0,5,0,6,GJ Maxwell,35,RK Illingworth,C Shamshuddin,,0.0,1.0,1
460,461,2014,Abu Dhabi,18-04-2014,13,10,10,field,normal,0,10,0,4,AM Rahane,35,BF Bowden,RK Illingworth,,0.0,0.0,0
461,462,2014,Dubai,19-04-2014,8,12,12,field,normal,0,12,0,7,PA Patel,7,Aleem Dar,AK Chaudhary,,0.0,0.0,0
462,463,2014,Dubai,19-04-2014,7,3,7,bat,normal,0,3,0,4,JP Duminy,7,Aleem Dar,VA Kulkarni,,0.0,1.0,1
463,464,2014,Sharjah,20-04-2014,10,5,5,field,normal,0,5,0,7,GJ Maxwell,34,BF Bowden,M Erasmus,,0.0,0.0,0
464,465,2014,Abu Dhabi,21-04-2014,0,3,0,bat,normal,0,0,93,0,SK Raina,35,RK Illingworth,C Shamshuddin,,1.0,1.0,1
465,466,2014,Sharjah,22-04-2014,5,13,13,field,normal,0,5,72,0,GJ Maxwell,34,M Erasmus,S Ravi,,1.0,0.0,0
466,467,2014,Dubai,23-04-2014,0,10,10,field,normal,0,0,7,0,RA Jadeja,7,HDPK Dharmasena,RK Illingworth,,1.0,0.0,0
467,468,2014,Sharjah,24-04-2014,7,12,12,field,normal,0,7,2,0,CA Lynn,34,Aleem Dar,VA Kulkarni,,1.0,0.0,0
468,469,2014,Dubai,25-04-2014,13,3,13,bat,normal,0,13,4,0,AJ Finch,7,M Erasmus,S Ravi,,1.0,1.0,1
469,470,2014,Dubai,25-04-2014,8,0,8,bat,normal,0,0,0,7,MM Sharma,7,BF Bowden,M Erasmus,,0.0,1.0,1
470,471,2014,Abu Dhabi,26-04-2014,12,10,10,field,normal,0,10,0,6,PV Tambe,35,HDPK Dharmasena,C Shamshuddin,,0.0,0.0,0
471,472,2014,Abu Dhabi,26-04-2014,5,7,7,field,normal,0,5,23,0,Sandeep Sharma,35,HDPK Dharmasena,RK Illingworth,,1.0,0.0,0
472,473,2014,Sharjah,27-04-2014,8,3,8,bat,normal,0,3,0,6,M Vijay,34,Aleem Dar,VA Kulkarni,,0.0,1.0,1
473,474,2014,Sharjah,27-04-2014,13,0,13,bat,normal,0,0,0,5,DR Smith,34,AK Chaudhary,VA Kulkarni,,0.0,1.0,1
474,475,2014,Dubai,28-04-2014,12,5,5,field,normal,0,5,0,5,Sandeep Sharma,7,BF Bowden,S Ravi,,0.0,0.0,0
475,476,2014,Abu Dhabi,29-04-2014,10,7,10,bat,tie,0,10,0,0,JP Faulkner,35,Aleem Dar,AK Chaudhary,,1.0,1.0,1
476,477,2014,Dubai,30-04-2014,13,8,8,field,normal,0,13,15,0,B Kumar,7,HDPK Dharmasena,M Erasmus,,1.0,0.0,0
477,478,2014,Ranchi,02-05-2014,0,7,0,bat,normal,0,0,34,0,RA Jadeja,15,AK Chaudhary,NJ Llong,,1.0,1.0,1
478,479,2014,Mumbai,03-05-2014,5,8,5,bat,normal,0,8,0,5,CJ Anderson,40,BNJ Oxenford,C Shamshuddin,,0.0,1.0,1
479,480,2014,Delhi,03-05-2014,3,10,10,field,normal,0,10,0,7,KK Nair,9,SS Hazare,S Ravi,,0.0,0.0,0
480,481,2014,Bangalore,04-05-2014,13,12,12,field,normal,0,12,0,4,AB de Villiers,17,HDPK Dharmasena,VA Kulkarni,,0.0,0.0,0
481,482,2014,Ahmedabad,05-05-2014,10,7,7,field,normal,0,10,10,0,PV Tambe,30,NJ Llong,CK Nandan,,1.0,0.0,0
482,483,2014,Delhi,05-05-2014,3,0,0,field,normal,0,0,0,8,DR Smith,9,RM Deshpande,BNJ Oxenford,,0.0,0.0,0
483,484,2014,Mumbai,06-05-2014,8,12,12,field,normal,0,8,19,0,RG Sharma,40,S Ravi,K Srinath,,1.0,0.0,0
484,485,2014,Delhi,07-05-2014,3,7,3,bat,normal,0,7,0,8,G Gambhir,9,BNJ Oxenford,C Shamshuddin,,0.0,1.0,1
485,486,2014,Cuttack,07-05-2014,5,0,0,field,normal,0,5,44,0,GJ Maxwell,1,HDPK Dharmasena,PG Pathak,,1.0,0.0,0
486,487,2014,Ahmedabad,08-05-2014,13,10,10,field,normal,0,13,32,0,B Kumar,30,AK Chaudhary,NJ Llong,,1.0,0.0,0
487,488,2014,Bangalore,09-05-2014,5,12,12,field,normal,0,5,32,0,Sandeep Sharma,17,S Ravi,K Srinath,,1.0,0.0,0
488,489,2014,Delhi,10-05-2014,3,13,13,field,normal,1,13,0,8,DW Steyn,9,RM Deshpande,BNJ Oxenford,,0.0,0.0,0
489,490,2014,Mumbai,10-05-2014,8,0,0,field,normal,0,0,0,4,DR Smith,40,HDPK Dharmasena,VA Kulkarni,,0.0,0.0,0
490,491,2014,Cuttack,11-05-2014,5,7,7,field,normal,0,7,0,9,G Gambhir,1,NJ Llong,CK Nandan,,0.0,0.0,0
491,492,2014,Bangalore,11-05-2014,12,10,12,bat,normal,0,10,0,5,JP Faulkner,17,S Ravi,RJ Tucker,,0.0,1.0,1
492,493,2014,Hyderabad,12-05-2014,13,8,13,bat,normal,0,8,0,7,AT Rayudu,28,HDPK Dharmasena,VA Kulkarni,,0.0,1.0,1
493,494,2014,Ranchi,13-05-2014,10,0,10,bat,normal,0,0,0,5,RA Jadeja,15,BNJ Oxenford,C Shamshuddin,,0.0,1.0,1
494,495,2014,Bangalore,13-05-2014,12,3,3,field,normal,0,12,16,0,Yuvraj Singh,17,K Srinath,RJ Tucker,,1.0,0.0,0
495,496,2014,Hyderabad,14-05-2014,13,5,5,field,normal,0,5,0,6,WP Saha,28,VA Kulkarni,PG Pathak,,0.0,0.0,0
496,497,2014,Cuttack,14-05-2014,8,7,7,field,normal,0,7,0,6,RV Uthappa,1,AK Chaudhary,NJ Llong,,0.0,0.0,0
497,498,2014,Ahmedabad,15-05-2014,10,3,3,field,normal,0,10,62,0,AM Rahane,30,S Ravi,RJ Tucker,,1.0,0.0,0
498,499,2014,Ranchi,18-05-2014,0,12,0,bat,normal,0,12,0,5,AB de Villiers,15,BNJ Oxenford,C Shamshuddin,,0.0,1.0,1
499,500,2014,Hyderabad,18-05-2014,13,7,13,bat,normal,0,7,0,7,UT Yadav,28,NJ Llong,CK Nandan,,0.0,1.0,1
500,501,2014,Ahmedabad,19-05-2014,8,10,8,bat,normal,0,8,25,0,MEK Hussey,30,S Ravi,RJ Tucker,,1.0,1.0,1
501,502,2014,Delhi,19-05-2014,3,5,5,field,normal,0,5,0,4,AR Patel,9,HDPK Dharmasena,PG Pathak,,0.0,0.0,0
502,503,2014,Hyderabad,20-05-2014,12,13,12,bat,normal,0,13,0,7,DA Warner,28,AK Chaudhary,NJ Llong,,0.0,1.0,1
503,504,2014,Kolkata,20-05-2014,0,7,7,field,normal,0,7,0,8,RV Uthappa,8,RM Deshpande,C Shamshuddin,,0.0,0.0,0
504,505,2014,Chandigarh,21-05-2014,5,8,8,field,normal,0,8,0,7,LMP Simmons,27,HDPK Dharmasena,VA Kulkarni,,0.0,0.0,0
505,506,2014,Kolkata,22-05-2014,7,12,12,field,normal,0,7,30,0,RV Uthappa,8,AK Chaudhary,CK Nandan,,1.0,0.0,0
506,507,2014,Ranchi,22-05-2014,0,13,13,field,normal,0,13,0,6,DA Warner,15,BNJ Oxenford,C Shamshuddin,,0.0,0.0,0
507,508,2014,Mumbai,23-05-2014,8,3,3,field,normal,0,8,15,0,MEK Hussey,40,S Ravi,RJ Tucker,,1.0,0.0,0
508,509,2014,Chandigarh,23-05-2014,5,10,10,field,normal,0,5,16,0,SE Marsh,27,HDPK Dharmasena,PG Pathak,,1.0,0.0,0
509,510,2014,Bangalore,24-05-2014,12,0,0,field,normal,0,0,0,8,MS Dhoni,17,AK Chaudhary,NJ Llong,,0.0,0.0,0
510,511,2014,Kolkata,24-05-2014,13,7,7,field,normal,0,7,0,4,YK Pathan,8,RM Deshpande,BNJ Oxenford,,0.0,0.0,0
511,512,2014,Chandigarh,25-05-2014,3,5,5,field,normal,0,5,0,7,M Vohra,27,HDPK Dharmasena,VA Kulkarni,,0.0,0.0,0
512,513,2014,Mumbai,25-05-2014,10,8,8,field,normal,0,8,0,5,CJ Anderson,40,K Srinath,RJ Tucker,,0.0,0.0,0
513,514,2014,Kolkata,27-05-2014,7,5,5,field,normal,0,7,28,0,UT Yadav,8,NJ Llong,S Ravi,,1.0,0.0,0
514,515,2014,Mumbai,28-05-2014,8,0,0,field,normal,0,0,0,7,SK Raina,2,VA Kulkarni,BNJ Oxenford,,0.0,0.0,0
515,516,2014,Mumbai,30-05-2014,5,0,0,field,normal,0,5,24,0,V Sehwag,40,HDPK Dharmasena,RJ Tucker,,1.0,0.0,0
516,517,2014,Bangalore,01-06-2014,5,7,7,field,normal,0,7,0,3,MK Pandey,17,HDPK Dharmasena,BNJ Oxenford,,0.0,0.0,0
517,518,2015,Kolkata,08-04-2015,8,7,7,field,normal,0,7,0,7,M Morkel,8,S Ravi,C Shamshuddin,,0.0,0.0,0
518,519,2015,Chennai,09-04-2015,0,3,3,field,normal,0,0,1,0,A Nehra,20,RK Illingworth,VA Kulkarni,,1.0,0.0,0
519,520,2015,Pune,10-04-2015,10,5,5,field,normal,0,10,26,0,JP Faulkner,21,SD Fry,CB Gaffaney,,1.0,0.0,0
520,521,2015,Chennai,11-04-2015,0,13,0,bat,normal,0,0,45,0,BB McCullum,20,RK Illingworth,VA Kulkarni,,1.0,1.0,1
521,522,2015,Kolkata,11-04-2015,7,12,12,field,normal,0,12,0,3,CH Gayle,8,S Ravi,C Shamshuddin,,0.0,0.0,0
522,523,2015,Delhi,12-04-2015,3,10,10,field,normal,0,10,0,3,DJ Hooda,9,SD Fry,CB Gaffaney,,0.0,0.0,0
523,524,2015,Mumbai,12-04-2015,5,8,8,field,normal,0,5,18,0,GJ Bailey,40,AK Chaudhary,K Srinivasan,,1.0,0.0,0
524,525,2015,Bangalore,13-04-2015,12,13,13,field,normal,0,13,0,8,DA Warner,17,RM Deshpande,RK Illingworth,,0.0,0.0,0
525,526,2015,Ahmedabad,14-04-2015,8,10,8,bat,normal,0,10,0,7,SPD Smith,30,AK Chaudhary,SD Fry,,0.0,1.0,1
526,527,2015,Kolkata,30-04-2015,0,7,7,field,normal,0,7,0,7,AD Russell,8,AK Chaudhary,M Erasmus,,0.0,0.0,0
527,528,2015,Pune,15-04-2015,5,3,5,bat,normal,0,3,0,5,MA Agarwal,21,CB Gaffaney,K Srinath,,0.0,1.0,1
528,529,2015,Visakhapatnam,16-04-2015,13,10,10,field,normal,0,10,0,6,AM Rahane,6,PG Pathak,S Ravi,,0.0,0.0,0
529,530,2015,Mumbai,17-04-2015,8,0,8,bat,normal,0,0,0,6,A Nehra,40,AK Chaudhary,M Erasmus,,0.0,1.0,1
530,531,2015,Visakhapatnam,18-04-2015,3,13,3,bat,normal,0,3,4,0,JP Duminy,6,PG Pathak,S Ravi,,1.0,1.0,1
531,532,2015,Pune,18-04-2015,5,7,7,field,normal,0,7,0,4,AD Russell,21,SD Fry,CK Nandan,,0.0,0.0,0
532,533,2015,Ahmedabad,19-04-2015,0,10,0,bat,normal,0,10,0,8,AM Rahane,30,AK Chaudhary,M Erasmus,,0.0,1.0,1
533,534,2015,Bangalore,19-04-2015,8,12,12,field,normal,0,8,18,0,Harbhajan Singh,17,RK Illingworth,VA Kulkarni,,1.0,0.0,0
534,535,2015,Delhi,20-04-2015,3,7,7,field,normal,0,7,0,6,UT Yadav,9,SD Fry,CB Gaffaney,,0.0,0.0,0
535,536,2015,Ahmedabad,21-04-2015,10,5,5,field,tie,0,5,0,0,SE Marsh,30,M Erasmus,S Ravi,,0.0,0.0,0
536,537,2015,Visakhapatnam,22-04-2015,13,7,7,field,normal,1,13,16,0,DA Warner,6,RK Illingworth,VA Kulkarni,,1.0,0.0,0
537,538,2015,Bangalore,22-04-2015,0,12,12,field,normal,0,0,27,0,SK Raina,17,JD Cloete,C Shamshuddin,,1.0,0.0,0
538,539,2015,Delhi,23-04-2015,3,8,8,field,normal,0,3,37,0,SS Iyer,9,SD Fry,CK Nandan,,1.0,0.0,0
539,540,2015,Ahmedabad,24-04-2015,10,12,12,field,normal,0,12,0,9,MA Starc,30,M Erasmus,S Ravi,,0.0,0.0,0
540,541,2015,Mumbai,25-04-2015,8,13,8,bat,normal,0,8,20,0,SL Malinga,40,HDPK Dharmasena,CB Gaffaney,,1.0,1.0,1
541,542,2015,Chennai,25-04-2015,0,5,0,bat,normal,0,0,97,0,BB McCullum,20,JD Cloete,C Shamshuddin,,1.0,1.0,1
542,543,2015,Delhi,26-04-2015,3,12,12,field,normal,0,12,0,10,VR Aaron,9,M Erasmus,S Ravi,,0.0,0.0,0
543,544,2015,Chandigarh,27-04-2015,13,5,5,field,normal,0,13,20,0,TA Boult,27,HDPK Dharmasena,CB Gaffaney,,1.0,0.0,0
544,545,2015,Kolkata,07-05-2015,7,3,7,bat,normal,0,7,13,0,PP Chawla,8,AK Chaudhary,M Erasmus,,1.0,1.0,1
546,547,2015,Chennai,28-04-2015,0,7,7,field,normal,0,0,2,0,DJ Bravo,20,RM Deshpande,VA Kulkarni,,1.0,0.0,0
547,548,2015,Delhi,01-05-2015,5,3,3,field,normal,0,3,0,9,NM Coulter-Nile,9,RK Illingworth,S Ravi,,0.0,0.0,0
548,549,2015,Mumbai,01-05-2015,8,10,10,field,normal,0,8,8,0,AT Rayudu,40,HDPK Dharmasena,CK Nandan,,1.0,0.0,0
549,550,2015,Bangalore,02-05-2015,7,12,12,field,normal,0,12,0,7,Mandeep Singh,17,JD Cloete,PG Pathak,,0.0,0.0,0
550,551,2015,Hyderabad,02-05-2015,13,0,0,field,normal,0,13,22,0,DA Warner,28,AK Chaudhary,K Srinivasan,,1.0,0.0,0
551,552,2015,Chandigarh,03-05-2015,8,5,8,bat,normal,0,8,23,0,LMP Simmons,27,RK Illingworth,VA Kulkarni,,1.0,1.0,1
552,553,2015,Mumbai,03-05-2015,10,3,3,field,normal,0,10,14,0,AM Rahane,2,HDPK Dharmasena,CB Gaffaney,,1.0,0.0,0
553,554,2015,Chennai,04-05-2015,0,12,0,bat,normal,0,0,24,0,SK Raina,20,C Shamshuddin,K Srinath,,1.0,1.0,1
554,555,2015,Kolkata,04-05-2015,7,13,13,field,normal,0,7,35,0,UT Yadav,8,AK Chaudhary,M Erasmus,,1.0,0.0,0
555,556,2015,Mumbai,05-05-2015,3,8,3,bat,normal,0,8,0,5,Harbhajan Singh,40,HDPK Dharmasena,CB Gaffaney,,0.0,1.0,1
556,557,2015,Bangalore,06-05-2015,12,5,5,field,normal,0,12,138,0,CH Gayle,17,RK Illingworth,VA Kulkarni,,1.0,0.0,0
557,558,2015,Mumbai,07-05-2015,13,10,10,field,normal,0,13,7,0,EJG Morgan,2,JD Cloete,C Shamshuddin,,1.0,0.0,0
558,559,2015,Chennai,08-05-2015,0,8,0,bat,normal,0,8,0,6,HH Pandya,20,CB Gaffaney,CK Nandan,,0.0,1.0,1
559,560,2015,Kolkata,09-05-2015,5,7,5,bat,normal,0,7,0,1,AD Russell,8,AK Chaudhary,HDPK Dharmasena,,0.0,1.0,1
560,561,2015,Raipur,09-05-2015,13,3,13,bat,normal,0,13,6,0,MC Henriques,33,VA Kulkarni,S Ravi,,1.0,1.0,1
561,562,2015,Mumbai,10-05-2015,12,8,12,bat,normal,0,12,39,0,AB de Villiers,40,JD Cloete,C Shamshuddin,,1.0,1.0,1
562,563,2015,Chennai,10-05-2015,0,10,0,bat,normal,0,0,12,0,RA Jadeja,20,M Erasmus,CK Nandan,,1.0,1.0,1
563,564,2015,Hyderabad,11-05-2015,13,5,13,bat,normal,0,13,5,0,DA Warner,28,AK Chaudhary,HDPK Dharmasena,,1.0,1.0,1
564,565,2015,Raipur,12-05-2015,0,3,0,bat,normal,0,3,0,6,Z Khan,33,RK Illingworth,VA Kulkarni,,0.0,1.0,1
565,566,2015,Chandigarh,13-05-2015,5,12,12,field,normal,0,5,22,0,AR Patel,27,JD Cloete,C Shamshuddin,,1.0,0.0,0
566,567,2015,Mumbai,14-05-2015,8,7,7,field,normal,0,8,5,0,HH Pandya,40,RK Illingworth,VA Kulkarni,,1.0,0.0,0
567,568,2015,Hyderabad,15-05-2015,13,12,13,bat,normal,1,12,0,6,V Kohli,28,AK Chaudhary,HDPK Dharmasena,,0.0,1.0,1
568,569,2015,Chandigarh,16-05-2015,5,0,5,bat,normal,0,0,0,7,P Negi,27,CK Nandan,C Shamshuddin,,0.0,1.0,1
569,570,2015,Mumbai,16-05-2015,10,7,10,bat,normal,0,10,9,0,SR Watson,2,RM Deshpande,RK Illingworth,,1.0,1.0,1
571,572,2015,Hyderabad,17-05-2015,13,8,13,bat,normal,0,8,0,9,MJ McClenaghan,28,CB Gaffaney,K Srinath,,0.0,1.0,1
572,573,2015,Mumbai,19-05-2015,8,0,8,bat,normal,0,8,25,0,KA Pollard,40,HDPK Dharmasena,RK Illingworth,,1.0,1.0,1
573,574,2015,Pune,20-05-2015,12,10,12,bat,normal,0,12,71,0,AB de Villiers,21,AK Chaudhary,C Shamshuddin,,1.0,1.0,1
574,575,2015,Ranchi,22-05-2015,12,0,0,field,normal,0,0,0,3,A Nehra,15,AK Chaudhary,CB Gaffaney,,0.0,0.0,0
575,576,2015,Kolkata,24-05-2015,8,0,0,field,normal,0,8,41,0,RG Sharma,8,HDPK Dharmasena,RK Illingworth,,1.0,0.0,0
576,577,2016,Mumbai,09-04-2016,8,11,8,bat,normal,0,11,0,9,AM Rahane,40,HDPK Dharmasena,CK Nandan,,0.0,1.0,1
577,578,2016,Kolkata,10-04-2016,3,7,7,field,normal,0,7,0,9,AD Russell,8,S Ravi,C Shamshuddin,,0.0,0.0,0
578,579,2016,Chandigarh,11-04-2016,5,4,4,field,normal,0,4,0,5,AJ Finch,26,AK Chaudhary,VA Kulkarni,,0.0,0.0,0
579,580,2016,Bangalore,12-04-2016,12,13,13,field,normal,0,12,45,0,AB de Villiers,17,HDPK Dharmasena,VK Sharma,,1.0,0.0,0
580,581,2016,Kolkata,13-04-2016,7,8,8,field,normal,0,8,0,6,RG Sharma,8,Nitin Menon,S Ravi,,0.0,0.0,0
581,582,2016,Rajkot,14-04-2016,11,4,11,bat,normal,0,4,0,7,AJ Finch,31,VA Kulkarni,CK Nandan,,0.0,1.0,1
582,583,2016,Delhi,15-04-2016,5,3,3,field,normal,0,3,0,8,A Mishra,9,S Ravi,C Shamshuddin,,0.0,0.0,0
583,584,2016,Hyderabad,16-04-2016,13,7,13,bat,normal,0,7,0,8,G Gambhir,28,AK Chaudhary,CK Nandan,,0.0,1.0,1
584,585,2016,Mumbai,16-04-2016,8,4,4,field,normal,0,4,0,3,AJ Finch,40,HDPK Dharmasena,VK Sharma,,0.0,0.0,0
585,586,2016,Chandigarh,17-04-2016,11,5,11,bat,normal,0,5,0,6,M Vohra,26,S Ravi,C Shamshuddin,,0.0,1.0,1
586,587,2016,Bangalore,17-04-2016,12,3,3,field,normal,0,3,0,7,Q de Kock,17,VA Kulkarni,A Nand Kishore,,0.0,0.0,0
587,588,2016,Hyderabad,18-04-2016,8,13,13,field,normal,0,13,0,7,DA Warner,28,HDPK Dharmasena,VK Sharma,,0.0,0.0,0
588,589,2016,Chandigarh,19-04-2016,5,7,7,field,normal,0,7,0,6,RV Uthappa,26,S Ravi,C Shamshuddin,,0.0,0.0,0
589,590,2016,Mumbai,20-04-2016,12,8,8,field,normal,0,8,0,6,RG Sharma,40,AK Chaudhary,CK Nandan,,0.0,0.0,0
590,591,2016,Rajkot,21-04-2016,4,13,13,field,normal,0,13,0,10,B Kumar,31,K Bharatan,HDPK Dharmasena,,0.0,0.0,0
591,592,2016,Pune,22-04-2016,12,11,11,field,normal,0,12,13,0,AB de Villiers,21,CB Gaffaney,VK Sharma,,1.0,0.0,0
592,593,2016,Delhi,23-04-2016,3,8,8,field,normal,0,3,10,0,SV Samson,9,S Ravi,C Shamshuddin,,1.0,0.0,0
593,594,2016,Hyderabad,23-04-2016,5,13,13,field,normal,0,13,0,5,Mustafizur Rahman,28,AK Chaudhary,CK Nandan,,0.0,0.0,0
594,595,2016,Rajkot,24-04-2016,12,4,12,bat,normal,0,4,0,6,V Kohli,31,K Bharatan,BNJ Oxenford,,0.0,1.0,1
595,596,2016,Pune,24-04-2016,11,7,7,field,normal,0,7,0,2,SA Yadav,21,CB Gaffaney,A Nand Kishore,,0.0,0.0,0
596,597,2016,Chandigarh,25-04-2016,8,5,5,field,normal,0,8,25,0,PA Patel,26,Nitin Menon,RJ Tucker,,1.0,0.0,0
597,598,2016,Hyderabad,26-04-2016,13,11,11,field,normal,1,11,34,0,AB Dinda,28,AY Dandekar,CK Nandan,,0.0,0.0,0
598,599,2016,Delhi,27-04-2016,4,3,3,field,normal,0,4,1,0,CH Morris,9,M Erasmus,S Ravi,,1.0,0.0,0
599,600,2016,Mumbai,28-04-2016,7,8,8,field,normal,0,8,0,6,RG Sharma,40,Nitin Menon,RJ Tucker,,0.0,0.0,0
600,601,2016,Pune,29-04-2016,11,4,4,field,normal,0,4,0,3,DR Smith,21,CB Gaffaney,BNJ Oxenford,,0.0,0.0,0
601,602,2016,Delhi,30-04-2016,3,7,7,field,normal,0,3,27,0,CR Brathwaite,9,KN Ananthapadmanabhan,M Erasmus,,1.0,0.0,0
602,603,2016,Hyderabad,30-04-2016,13,12,12,field,normal,0,13,15,0,DA Warner,28,AK Chaudhary,HDPK Dharmasena,,1.0,0.0,0
603,604,2016,Rajkot,01-05-2016,5,4,4,field,normal,0,5,23,0,AR Patel,31,BNJ Oxenford,VK Sharma,,1.0,0.0,0
604,605,2016,Pune,01-05-2016,11,8,8,field,normal,0,8,0,8,RG Sharma,21,AY Dandekar,RJ Tucker,,0.0,0.0,0
605,606,2016,Bangalore,02-05-2016,12,7,7,field,normal,0,7,0,5,AD Russell,17,M Erasmus,S Ravi,,0.0,0.0,0
606,607,2016,Rajkot,03-05-2016,4,3,3,field,normal,0,3,0,8,RR Pant,31,CB Gaffaney,BNJ Oxenford,,0.0,0.0,0
607,608,2016,Kolkata,04-05-2016,7,5,5,field,normal,0,7,7,0,AD Russell,8,AK Chaudhary,HDPK Dharmasena,,1.0,0.0,0
608,609,2016,Delhi,05-05-2016,3,11,11,field,normal,0,11,0,7,AM Rahane,9,C Shamshuddin,RJ Tucker,,0.0,0.0,0
609,610,2016,Hyderabad,06-05-2016,4,13,13,field,normal,0,13,0,5,B Kumar,28,M Erasmus,S Ravi,,0.0,0.0,0
610,611,2016,Bangalore,07-05-2016,11,12,12,field,normal,0,12,0,7,V Kohli,17,CB Gaffaney,BNJ Oxenford,,0.0,0.0,0
611,612,2016,Chandigarh,07-05-2016,5,3,3,field,normal,0,5,9,0,MP Stoinis,26,HDPK Dharmasena,CK Nandan,,1.0,0.0,0
612,613,2016,Visakhapatnam,08-05-2016,13,8,8,field,normal,0,13,85,0,A Nehra,6,S Ravi,C Shamshuddin,,1.0,0.0,0
613,614,2016,Kolkata,08-05-2016,7,4,4,field,normal,0,4,0,5,P Kumar,8,M Erasmus,RJ Tucker,,0.0,0.0,0
614,615,2016,Chandigarh,09-05-2016,12,5,5,field,normal,0,12,1,0,SR Watson,26,AK Chaudhary,HDPK Dharmasena,,1.0,0.0,0
615,616,2016,Visakhapatnam,10-05-2016,13,11,13,bat,normal,0,13,4,0,A Zampa,6,CB Gaffaney,VK Sharma,,1.0,1.0,1
616,617,2016,Bangalore,11-05-2016,12,8,8,field,normal,0,8,0,6,KH Pandya,17,AY Dandekar,C Shamshuddin,,0.0,0.0,0
617,618,2016,Hyderabad,12-05-2016,13,3,3,field,normal,0,3,0,7,CH Morris,28,K Bharatan,M Erasmus,,0.0,0.0,0
618,619,2016,Visakhapatnam,13-05-2016,8,5,8,bat,normal,0,5,0,7,MP Stoinis,6,HDPK Dharmasena,CK Nandan,,0.0,1.0,1
619,620,2016,Bangalore,14-05-2016,12,4,4,field,normal,0,12,144,0,AB de Villiers,17,AY Dandekar,VK Sharma,,1.0,0.0,0
620,621,2016,Kolkata,14-05-2016,11,7,11,bat,normal,1,7,0,8,YK Pathan,8,A Nand Kishore,BNJ Oxenford,,0.0,1.0,1
621,622,2016,Chandigarh,15-05-2016,5,13,5,bat,normal,0,13,0,7,HM Amla,26,KN Ananthapadmanabhan,M Erasmus,,0.0,1.0,1
622,623,2016,Visakhapatnam,15-05-2016,8,3,3,field,normal,0,8,80,0,KH Pandya,6,Nitin Menon,CK Nandan,,1.0,0.0,0
623,624,2016,Kolkata,16-05-2016,7,12,12,field,normal,0,12,0,9,V Kohli,8,CB Gaffaney,A Nand Kishore,,0.0,0.0,0
624,625,2016,Visakhapatnam,17-05-2016,3,11,11,field,normal,1,11,19,0,AB Dinda,6,Nitin Menon,C Shamshuddin,,0.0,0.0,0
625,626,2016,Bangalore,18-05-2016,12,5,5,field,normal,1,12,82,0,V Kohli,17,KN Ananthapadmanabhan,M Erasmus,,1.0,0.0,0
626,627,2016,Kanpur,19-05-2016,7,4,4,field,normal,0,4,0,6,DR Smith,11,AK Chaudhary,CK Nandan,,0.0,0.0,0
627,628,2016,Raipur,20-05-2016,13,3,3,field,normal,0,3,0,6,KK Nair,33,A Nand Kishore,BNJ Oxenford,,0.0,0.0,0
628,629,2016,Visakhapatnam,21-05-2016,5,11,5,bat,normal,0,11,0,4,MS Dhoni,6,HDPK Dharmasena,Nitin Menon,,0.0,1.0,1
629,630,2016,Kanpur,21-05-2016,8,4,4,field,normal,0,4,0,6,SK Raina,11,AK Chaudhary,CK Nandan,,0.0,0.0,0
630,631,2016,Kolkata,22-05-2016,7,13,13,field,normal,0,7,22,0,YK Pathan,8,KN Ananthapadmanabhan,M Erasmus,,1.0,0.0,0
631,632,2016,Raipur,22-05-2016,3,12,12,field,normal,0,12,0,6,V Kohli,33,A Nand Kishore,BNJ Oxenford,,0.0,0.0,0
632,633,2016,Bangalore,24-05-2016,4,12,12,field,normal,0,12,0,4,AB de Villiers,17,AK Chaudhary,HDPK Dharmasena,,0.0,0.0,0
633,634,2016,Delhi,25-05-2016,13,7,7,field,normal,0,13,22,0,MC Henriques,9,M Erasmus,C Shamshuddin,,1.0,0.0,0
634,635,2016,Delhi,27-05-2016,4,13,13,field,normal,0,13,0,4,DA Warner,9,M Erasmus,CK Nandan,,0.0,0.0,0
635,636,2016,Bangalore,29-05-2016,13,12,13,bat,normal,0,13,8,0,BCJ Cutting,17,HDPK Dharmasena,BNJ Oxenford,,1.0,1.0,1
636,7894,2018,Mumbai,07-04-2018,8,0,0,field,normal,0,0,0,1,DJ Bravo,40,Chris Gaffaney,A Nanda Kishore,Anil Chaudhary,0.0,0.0,0
637,7895,2018,Mohali,08-04-2018,3,5,5,field,normal,0,5,0,6,KL Rahul,26,Rod Tucker,K Ananthapadmanabhan,Nitin Menon,0.0,0.0,0
638,7896,2018,Kolkata,08-04-2018,12,7,7,field,normal,0,7,0,4,SP Narine,8,C Shamshuddin,A.D Deshmukh,S Ravi,0.0,0.0,0
639,7897,2018,Hyderabad,09-04-2018,10,13,13,field,normal,0,13,0,9,S Dhawan,28,Nigel Llong,Vineet Kulkarni,O Nandan,0.0,0.0,0
640,7898,2018,Chennai,10-04-2018,7,0,0,field,normal,0,0,0,5,SW Billings,20,Anil Chaudhary,Chris Gaffaney,A Nanda Kishore,0.0,0.0,0
641,7899,2018,Jaipur,11-04-2018,10,3,3,field,normal,1,10,10,0,SV Samson,32,K Ananthapadmanabhan,Rod Tucker,Nitin Menon,1.0,0.0,0
642,7900,2018,Hyderabad,12-04-2018,8,13,13,field,normal,0,13,0,1,Rashid Khan,28,O Nandan,Nigel Llong,Vineet Kulkarni,0.0,0.0,0
643,7901,2018,Bengaluru,13-04-2018,5,12,12,field,normal,0,12,0,4,UT Yadav,17,S Ravi,A.D Deshmukh,C Shamshuddin,0.0,0.0,0
644,7902,2018,Mumbai,14-04-2018,8,3,3,field,normal,0,3,0,7,JJ Roy,40,K Ananthapadmanabhan,Nitin Menon,Rod Tucker,0.0,0.0,0
645,7903,2018,Kolkata,14-04-2018,7,13,13,field,normal,0,13,0,5,B Stanlake,8,A Nanda Kishore,Anil Chaudhary,Chris Gaffaney,0.0,0.0,0
646,7904,2018,Bengaluru,15-04-2018,10,12,12,field,normal,0,10,19,0,SV Samson,17,C Shamshuddin,S Ravi,A.D Deshmukh,1.0,0.0,0
647,7905,2018,Mohali,15-04-2018,5,0,0,field,normal,0,5,4,0,CH Gayle,26,Vineet Kulkarni,O Nandan,Nigel Llong,1.0,0.0,0
648,7906,2018,Kolkata,16-04-2018,7,3,3,field,normal,0,7,71,0,N Rana,8,Anil Chaudhary,A Nanda Kishore,Chris Gaffaney,1.0,0.0,0
649,7907,2018,Mumbai,17-04-2018,8,12,12,field,normal,0,8,46,0,RG Sharma,40,Rod Tucker,Nitin Menon,K Ananthapadmanabhan,1.0,0.0,0
650,7908,2018,Jaipur,18-04-2018,10,7,7,field,normal,0,7,0,7,N Rana,32,S Ravi,A.D Deshmukh,C Shamshuddin,0.0,0.0,0
651,7909,2018,Mohali,19-04-2018,5,13,5,bat,normal,0,5,15,0,CH Gayle,26,Nigel Llong,Anil Chaudhary,Vineet Kulkarni,1.0,1.0,1
652,7910,2018,Pune,20-04-2018,0,10,10,field,normal,0,0,64,0,SR Watson,21,Nitin Menon,K Ananthapadmanabhan,Rod Tucker,1.0,0.0,0
653,7911,2018,Kolkata,21-04-2018,7,5,5,field,normal,1,5,0,9,KL Rahul,8,C Shamshuddin,A.D Deshmukh,S Ravi,0.0,0.0,0
654,7912,2018,Bengaluru,21-04-2018,3,12,12,field,normal,0,12,0,6,AB de Villiers,17,Chris Gaffaney,O Nandan,A Nanda Kishore,0.0,0.0,0
655,7913,2018,Hyderabad,22-04-2018,0,13,13,field,normal,0,0,4,0,AT Rayudu,28,Anil Chaudhary,Vineet Kulkarni,Nigel Llong,1.0,0.0,0
656,7914,2018,Jaipur,22-04-2018,8,10,8,bat,normal,0,10,0,3,J Archer,32,Rod Tucker,K Ananthapadmanabhan,Nitin Menon,0.0,1.0,1
657,7915,2018,Delhi,23-04-2018,5,3,3,field,normal,0,5,4,0,AS Rajpoot,9,O Nandan,A Nanda Kishore,Chris Gaffaney,1.0,0.0,0
658,7916,2018,Mumbai,24-04-2018,13,8,8,field,normal,0,13,31,0,Rashid Khan,40,C Shamshuddin,S Ravi,A.D Deshmukh,1.0,0.0,0
659,7917,2018,Bengaluru,25-04-2018,12,0,0,field,normal,0,0,0,5,MS Dhoni,17,Nigel Llong,Virender Kumar Sharma,Anil Chaudhary,0.0,0.0,0
660,7918,2018,Hyderabad,26-04-2018,13,5,5,field,normal,0,13,13,0,AS Rajpoot,28,O Nandan,Yeshwant Barde,Rod Tucker,1.0,0.0,0
661,7919,2018,Delhi,27-04-2018,3,7,7,field,normal,0,3,55,0,SS Iyer,9,C Shamshuddin,S Ravi,A Nanda Kishore,1.0,0.0,0
662,7920,2018,Pune,28-04-2018,0,8,8,field,normal,0,8,0,8,RG Sharma,21,Chris Gaffaney,Nitin Menon,Anil Dandekar,0.0,0.0,0
663,7921,2018,Jaipur,29-04-2018,13,10,13,bat,normal,0,13,11,0,KS Williamson,32,Bruce Oxenford,A Nanda Kishore,S Ravi,1.0,1.0,1
664,7922,2018,Bengaluru,29-04-2018,12,7,7,field,normal,0,7,0,6,CA Lynn,17,Nigel Llong,Anil Chaudhary,Virender Kumar Sharma,0.0,0.0,0
665,7923,2018,Pune,30-04-2018,0,3,3,field,normal,0,0,13,0,SR Watson,21,C Shamshuddin,Anil Dandekar,O Nandan,1.0,0.0,0
666,7924,2018,Bengaluru,01-05-2018,12,8,8,field,normal,0,12,14,0,TG Southee,17,Marais Erasmus,Nitin Menon,Yeshwant Barde,1.0,0.0,0
667,7925,2018,Delhi,02-05-2018,3,10,10,field,normal,1,3,4,0,RR Pant,9,O Nandan,Virender Kumar Sharma,Bruce Oxenford,1.0,0.0,0
668,7926,2018,Kolkata,03-05-2018,0,7,7,field,normal,0,7,0,6,SP Narine,8,Kumar Dharmasena,A.D Deshmukh,Anil Chaudhary,0.0,0.0,0
669,7927,2018,Indore,04-05-2018,5,8,8,field,normal,0,8,0,6,AS Yadav,13,S Ravi,Anil Dandekar,C Shamshuddin,0.0,0.0,0
670,7928,2018,Pune,05-05-2018,12,0,0,field,normal,0,0,0,6,RA Jadeja,21,Nitin Menon,Yeshwant Barde,Marais Erasmus,0.0,0.0,0
671,7929,2018,Hyderabad,05-05-2018,3,13,3,bat,normal,0,13,0,7,Rashid Khan,28,Bruce Oxenford,O Nandan,Virender Kumar Sharma,0.0,1.0,1
672,7930,2018,Mumbai,06-05-2018,8,7,7,field,normal,0,8,13,0,HH Pandya,40,Kumar Dharmasena,A.D Deshmukh,Anil Chaudhary,1.0,0.0,0
673,7931,2018,Indore,06-05-2018,10,5,5,field,normal,0,5,0,6,M Ur Rahman,13,C Shamshuddin,S Ravi,Anil Dandekar,0.0,0.0,0
674,7932,2018,Hyderabad,07-05-2018,13,12,12,field,normal,0,13,5,0,KS Williamson,28,Bruce Oxenford,Virender Kumar Sharma,O Nandan,1.0,0.0,0
675,7933,2018,Jaipur,08-05-2018,10,5,10,bat,normal,0,10,15,0,JC Buttler,32,Marais Erasmus,Nitin Menon,Yeshwant Barde,1.0,1.0,1
676,7934,2018,Kolkata,09-05-2018,8,7,7,field,normal,0,8,102,0,Ishan Kishan,8,Anil Chaudhary,K Ananthapadmanabhan,Kumar Dharmasena,1.0,0.0,0
677,7935,2018,Delhi,10-05-2018,3,13,3,bat,normal,0,13,0,9,S Dhawan,9,C Shamshuddin,Anil Dandekar,S Ravi,0.0,1.0,1
678,7936,2018,Jaipur,11-05-2018,0,10,0,bat,normal,0,10,0,4,JC Buttler,32,Marais Erasmus,Yeshwant Barde,Nitin Menon,0.0,1.0,1
679,7937,2018,Indore,12-05-2018,7,5,5,field,normal,0,7,31,0,SP Narine,13,O Nandan,Virender Kumar Sharma,Bruce Oxenford,1.0,0.0,0
680,7938,2018,Delhi,12-05-2018,3,12,12,field,normal,0,12,0,5,AB de Villiers,9,Kumar Dharmasena,Anil Chaudhary,K Ananthapadmanabhan,0.0,0.0,0
681,7939,2018,Pune,13-05-2018,13,0,0,field,normal,0,0,0,8,AT Rayudu,21,Marais Erasmus,Yeshwant Barde,Anil Dandekar,0.0,0.0,0
682,7940,2018,Mumbai,13-05-2018,8,10,10,field,normal,0,10,0,7,JC Buttler,40,Nitin Menon,S Ravi,C Shamshuddin,0.0,0.0,0
683,7941,2018,Indore,14-05-2018,5,12,12,field,normal,0,12,0,10,UT Yadav,13,Bruce Oxenford,Virender Kumar Sharma,O Nandan,0.0,0.0,0
684,7942,2018,Kolkata,15-05-2018,10,7,7,field,normal,0,7,0,6,Kuldeep Yadav,8,Kumar Dharmasena,Anil Chaudhary,Vineet Kulkarni,0.0,0.0,0
685,7943,2018,Mumbai,16-05-2018,8,5,5,field,normal,0,8,3,0,JJ Bumrah,40,Marais Erasmus,Nitin Menon,Yeshwant Barde,1.0,0.0,0
686,7944,2018,Bengaluru,17-05-2018,12,13,13,field,normal,0,12,14,0,AB de Villiers,17,S Ravi,Anil Dandekar,C Shamshuddin,1.0,0.0,0
687,7945,2018,Delhi,18-05-2018,3,0,0,field,normal,0,3,34,0,HV Patel,9,Kumar Dharmasena,Vineet Kulkarni,O Nandan,1.0,0.0,0
688,7946,2018,Jaipur,19-05-2018,10,12,10,bat,normal,0,10,30,0,S Gopal,32,Bruce Oxenford,Virender Kumar Sharma,C Shamshuddin,1.0,1.0,1
689,7947,2018,Hyderabad,19-05-2018,13,7,13,bat,normal,0,7,0,5,CA Lynn,28,Anil Chaudhary,S Ravi,Anil Dandekar,0.0,1.0,1
690,7948,2018,Delhi,20-05-2018,3,8,3,bat,normal,0,3,11,0,A Mishra,9,Kumar Dharmasena,O Nandan,Vineet Kulkarni,1.0,1.0,1
691,7949,2018,Pune,20-05-2018,5,0,0,field,normal,0,0,0,5,L Ngidi,21,Nitin Menon,Yeshwant Barde,Marais Erasmus,0.0,0.0,0
692,7950,2018,Mumbai,22-05-2018,13,0,0,field,normal,0,0,0,2,F du Plessis,40,Marais Erasmus,C Shamshuddin,S Ravi,0.0,0.0,0
693,7951,2018,Kolkata,23-05-2018,7,10,10,field,normal,0,7,25,0,AD Russell,8,Nitin Menon,Anil Chaudhary,Kumar Dharmasena,1.0,0.0,0
694,7952,2018,Kolkata,25-05-2018,13,7,7,field,normal,0,13,14,0,Rashid Khan,8,Nitin Menon,Kumar Dharmasena,Anil Chaudhary,1.0,0.0,0
695,7953,2018,Mumbai,27-05-2018,13,0,0,field,normal,0,0,0,8,SR Watson,40,Marais Erasmus,S Ravi,Nitin Menon,0.0,0.0,0
696,11137,2019,Chennai,23-03-2019,12,0,0,field,normal,0,0,0,7,Harbhajan Singh,18,Bruce Oxenford,Anil Dandekar,Nitin Menon,0.0,0.0,0
697,11138,2019,Kolkata,24-03-2019,13,7,7,field,normal,0,7,0,6,AD Russell,8,Chris Gaffaney,Anil Chaudhary,Vineet Kulkarni,0.0,0.0,0
698,11139,2019,Mumbai,24-03-2019,2,8,8,field,normal,0,2,37,0,RR Pant,40,S Ravi,Yeshwant Barde,O Nandan,1.0,0.0,0
699,11140,2019,Jaipur,25-03-2019,5,10,10,field,normal,0,5,14,0,CH Gayle,32,C Shamshuddin,KN Anantapadmanabhan,Bruce Oxenford,1.0,0.0,0
700,11141,2019,Delhi,26-03-2019,2,0,2,bat,normal,0,0,0,6,SR Watson,10,Marais Erasmus,Nitin Menon,Anil Dandekar,0.0,1.0,1
701,11142,2019,Kolkata,27-03-2019,7,5,5,field,normal,0,7,28,0,AD Russell,8,Anil Chaudhary,Vineet Kulkarni,Chris Gaffaney,1.0,0.0,0
702,11143,2019,Bengaluru,28-03-2019,8,12,12,field,normal,0,8,6,0,JJ Bumrah,19,S Ravi,O Nandan,Yeshwant Barde,1.0,0.0,0
703,11144,2019,Hyderabad,29-03-2019,10,13,10,bat,normal,0,13,0,5,Rashid Khan,29,Bruce Oxenford,C Shamshuddin,KN Anantapadmanabhan,0.0,1.0,1
704,11145,2019,Mohali,30-03-2019,8,5,5,field,normal,0,5,0,8,MA Agarwal,14,Vineet Kulkarni,Chris Gaffaney,Anil Chaudhary,0.0,0.0,0
705,11146,2019,Delhi,30-03-2019,7,2,2,field,tie,0,2,0,0,P Shaw,10,Anil Dandekar,Nitin Menon,Marais Erasmus,0.0,0.0,0
706,11147,2019,Hyderabad,31-03-2019,13,12,12,field,normal,0,13,118,0,J Bairstow,29,S Ravi,KN Anantapadmanabhan,C Shamshuddin,1.0,0.0,0
707,11148,2019,Chennai,31-03-2019,0,10,10,field,normal,0,0,8,0,MS Dhoni,18,O Nandan,Yeshwant Barde,Bruce Oxenford,1.0,0.0,0
708,11149,2019,Mohali,01-04-2019,5,2,2,field,normal,0,5,14,0,S Curran,14,Anil Chaudhary,Chris Gaffaney,Vineet Kulkarni,1.0,0.0,0
709,11150,2019,Jaipur,02-04-2019,12,10,10,field,normal,0,10,0,7,S Gopal,32,Marais Erasmus,Anil Dandekar,Nitin Menon,0.0,0.0,0
710,11151,2019,Mumbai,03-04-2019,8,0,0,field,normal,0,8,37,0,HH Pandya,40,Bruce Oxenford,Rod Tucker,Yeshwant Barde,1.0,0.0,0
711,11152,2019,Delhi,04-04-2019,2,13,13,field,normal,0,13,0,5,J Bairstow,10,C Shamshuddin,KN Anantapadmanabhan,S Ravi,0.0,0.0,0
712,11153,2019,Bengaluru,05-04-2019,12,7,7,field,normal,0,7,0,5,AD Russell,19,Anil Chaudhary,Chris Gaffaney,O Nandan,0.0,0.0,0
713,11309,2019,Chennai,06-04-2019,0,5,0,bat,normal,0,0,22,0,Harbhajan Singh,18,KN Ananthapadmanabhan,Rod Tucker,C Shamshuddin,1.0,1.0,1
714,11310,2019,Hyderabad,06-04-2019,8,13,13,field,normal,0,8,40,0,A Joseph,29,Anil Dandekar,Nitin Menon,Marais Erasmus,1.0,0.0,0
715,11311,2019,Bengaluru,07-04-2019,12,2,2,field,normal,0,2,0,4,K Rabada,19,S Ravi,Yeshwant Barde,O Nandan,0.0,0.0,0
716,11312,2019,Jaipur,07-04-2019,10,7,7,field,normal,0,7,0,8,H Gurney,32,Chris Gaffaney,Anil Chaudhary,Bruce Oxenford,0.0,0.0,0
717,11313,2019,Mohali,08-04-2019,13,5,5,field,normal,0,5,0,6,KL Rahul,14,Marais Erasmus,Anil Dandekar,Nitin Menon,0.0,0.0,0
718,11314,2019,Chennai,09-04-2019,7,0,0,field,normal,0,0,0,7,DL Chahar,18,Rod Tucker,C Shamshuddin,Ulhas Gandhe,0.0,0.0,0
719,11315,2019,Mumbai,10-04-2019,5,8,8,field,normal,0,8,0,3,KA Pollard,40,Yeshwant Barde,S Ravi,O Nandan,0.0,0.0,0
720,11316,2019,Jaipur,11-04-2019,10,0,0,field,normal,0,0,0,4,MS Dhoni,32,Bruce Oxenford,Ulhas Gandhe,Chris Gaffaney,0.0,0.0,0
721,11317,2019,Kolkata,12-04-2019,7,2,2,field,normal,0,2,0,7,S Dhawan,8,Yeshwant Barde,O Nandan,Rod Tucker,0.0,0.0,0
722,11318,2019,Mumbai,13-04-2019,8,10,10,field,normal,0,10,0,4,JC Buttler,40,Nitin Menon,Nanda Kishore,Marais Erasmus,0.0,0.0,0
723,11319,2019,Mohali,13-04-2019,5,12,12,field,normal,0,12,0,8,AB de Villiers,14,S Ravi,Ulhas Gandhe,Nigel Llong,0.0,0.0,0
724,11320,2019,Kolkata,14-04-2019,7,0,0,field,normal,0,0,0,5,Imran Tahir,8,Rod Tucker,O Nandan,Yeshwant Barde,0.0,0.0,0
725,11321,2019,Hyderabad,14-04-2019,2,13,13,field,normal,0,2,39,0,K Paul,29,Anil Chaudhary,Bruce Oxenford,Chris Gaffaney,1.0,0.0,0
726,11322,2019,Mumbai,15-04-2019,12,8,8,field,normal,0,8,0,5,SL Malinga,40,Marais Erasmus,Nitin Menon,Nanda Kishore,0.0,0.0,0
727,11323,2019,Mohali,16-04-2019,5,10,10,field,normal,0,5,12,0,R Ashwin,14,Anil Chaudhary,Vineet Kulkarni,S Ravi,1.0,0.0,0
728,11324,2019,Hyderabad,17-04-2019,0,13,0,bat,normal,0,13,0,6,DA Warner,29,Ian Gould,Ulhas Gandhe,C Shamshuddin,0.0,1.0,1
729,11325,2019,Delhi,18-04-2019,8,2,8,bat,normal,0,8,40,0,HH Pandya,10,Nigel Llong,Bruce Oxenford,Anil Chaudhary,1.0,1.0,1
730,11326,2019,Kolkata,19-04-2019,12,7,7,field,normal,0,12,10,0,V Kohli,8,Ian Gould,Nitin Menon,Anil Dandekar,1.0,0.0,0
731,11327,2019,Jaipur,20-04-2019,8,10,10,field,normal,0,10,0,5,SPD Smith,32,S Ravi,Yeshwant Barde,O Nandan,0.0,0.0,0
732,11328,2019,Delhi,20-04-2019,5,2,2,field,normal,0,2,0,5,SS Iyer,10,Ulhas Gandhe,C Shamshuddin,Bruce Oxenford,0.0,0.0,0
733,11329,2019,Hyderabad,21-04-2019,7,13,13,field,normal,0,13,0,9,K Ahmed,29,Nitin Menon,Nigel Llong,Ian Gould,0.0,0.0,0
734,11330,2019,Bengaluru,21-04-2019,12,0,0,field,normal,0,12,1,0,PA Patel,19,Vineet Kulkarni,Rod Tucker,Anil Chaudhary,1.0,0.0,0
735,11331,2019,Jaipur,22-04-2019,10,2,2,field,normal,0,2,0,6,RR Pant,32,S Ravi,Nanda Kishore,Yeshwant Barde,0.0,0.0,0
736,11332,2019,Chennai,23-04-2019,13,0,0,field,normal,0,0,0,6,SR Watson,18,Nigel Llong,Anil Chaudhary,Vineet Kulkarni,0.0,0.0,0
737,11333,2019,Bengaluru,24-04-2019,12,5,5,field,normal,0,12,17,0,AB de Villiers,19,Bruce Oxenford,C Shamshuddin,Rod Tucker,1.0,0.0,0
738,11334,2019,Kolkata,25-04-2019,7,10,10,field,normal,0,10,0,3,VR Aaron,8,Ian Gould,Anil Dandekar,Nitin Menon,0.0,0.0,0
739,11335,2019,Chennai,26-04-2019,8,0,0,field,normal,0,8,46,0,RG Sharma,18,Nigel Llong,Anil Chaudhary,Vineet Kulkarni,1.0,0.0,0
740,11336,2019,Jaipur,27-04-2019,13,10,10,field,normal,0,10,0,7,JD Unadkat,32,Yeshwant Barde,Nand Kishore,Sundaram Ravi,0.0,0.0,0
741,11337,2019,Delhi,28-04-2019,2,12,2,bat,normal,0,2,16,0,S Dhawan,10,Bruce Oxenford,KN Ananthapadmanabhan,C Shamshuddin,1.0,1.0,1
742,11338,2019,Kolkata,28-04-2019,7,8,8,field,normal,0,7,34,0,AD Russell,8,Ian Gould,Nitin Menon,Anil Dandekar,1.0,0.0,0
743,11339,2019,Hyderabad,29-04-2019,13,5,5,field,normal,0,13,45,0,DA Warner,29,S Ravi,O Nandan,Nanda Kishore,1.0,0.0,0
745,11341,2019,Chennai,01-05-2019,0,2,2,field,normal,0,0,80,0,MS Dhoni,18,Anil Dandekar,Nitin Menon,Ian Gould,1.0,0.0,0
746,11342,2019,Mumbai,02-05-2019,8,13,8,bat,tie,0,8,0,0,JJ Bumrah,40,S Ravi,O Nandan,Nanda Kishore,1.0,1.0,1
747,11343,2019,Mohali,03-05-2019,5,7,7,field,normal,0,7,0,7,S Gill,14,Bruce Oxenford,C Shamshuddin,KN Ananthapadmanabhan,0.0,0.0,0
748,11344,2019,Delhi,04-05-2019,10,2,10,bat,normal,0,2,0,5,A Mishra,10,Ian Gould,Anil Dandekar,Nitin Menon,0.0,1.0,1
749,11345,2019,Bengaluru,04-05-2019,13,12,12,field,normal,0,12,0,4,S Hetmyer,19,Nigel Llong,Anil Chaudhary,Ulhas Gandhe,0.0,0.0,0
750,11346,2019,Mohali,05-05-2019,0,5,5,field,normal,0,5,0,6,KL Rahul,14,KN Ananthapadmanabhan,C Shamshuddin,Bruce Oxenford,0.0,0.0,0
751,11347,2019,Mumbai,05-05-2019,7,8,8,field,normal,0,8,0,9,HH Pandya,40,Nanda Kishore,O Nandan,S Ravi,0.0,0.0,0
752,11412,2019,Chennai,07-05-2019,0,8,0,bat,normal,0,8,0,6,AS Yadav,18,Nigel Llong,Nitin Menon,Ian Gould,0.0,1.0,1
753,11413,2019,Visakhapatnam,08-05-2019,13,2,2,field,normal,0,2,0,2,RR Pant,0,,,,0.0,0.0,0
754,11414,2019,Visakhapatnam,10-05-2019,2,0,0,field,normal,0,0,0,6,F du Plessis,0,Sundaram Ravi,Bruce Oxenford,Chettithody Shamshuddin,0.0,0.0,0
755,11415,2019,Hyderabad,12-05-2019,8,0,8,bat,normal,0,8,1,0,JJ Bumrah,29,Nitin Menon,Ian Gould,Nigel Llong,1.0,1.0,1
